Manufacturer:,Acer,
Case Type:,Notebook,
Version:,V1.05,
Serial Number:,Default string,
Asset Tag Number:,                      ,
Device Description:,Intel(R) HD Graphics,
Device Type:,Video Adapter,
Device Status:,Enabled,
Device Description:,Intel(R) Display Audio,
Device Type:,Audio Device,
Device Status:,Enabled,
Boot Status:,No error occured,
Device Description:,LM78-1,
Device Type:,National Semiconductor LM78,
Device Address:,I/O: 0,
Description:,LM78A,
Location:,Motherboard,
Status:,OK,
Maximum Value:,Unknown,
Minimum Value:,Unknown,
Resolution:,Unknown,
Tolerance:,Unknown,
Accuracy:,Unknown,
Description:,LM78A,
Location:,Motherboard,
Status:,OK,
Maximum Value:,Unknown,
Minimum Value:,Unknown,
Resolution:,Unknown,
Tolerance:,Unknown,
Accuracy:,Unknown,
Type:,Power Supply Fan,
Description:,Cooling Dev 1,
Status:,OK,
Type:,Power Supply Fan,
Description:,Unknown,
Status:,OK,
Description:,ABC,
Location:,Motherboard,
Status:,OK,
Maximum Value:,Unknown,
Minimum Value:,Unknown,
Resolution:,Unknown,
Tolerance:,Unknown,
Accuracy:,Unknown,
Description:,LM78A,
Location:,Power Unit,
Status:,OK,
Maximum Value:,Unknown,
Minimum Value:,Unknown,
Resolution:,Unknown,
Tolerance:,Unknown,
Accuracy:,Unknown,
Description:,LM78A,
Location:,Power Unit,
Status:,OK,
Maximum Value:,Unknown,
Minimum Value:,Unknown,
Resolution:,Unknown,
Tolerance:,Unknown,
Accuracy:,Unknown,
Type:,Power Supply Fan,
Description:,Cooling Dev 1,
Status:,OK,
Description:,ABC,
Location:,Power Unit,
Status:,OK,
Maximum Value:,Unknown,
Minimum Value:,Unknown,
Resolution:,Unknown,
Tolerance:,Unknown,
Accuracy:,Unknown,
Location:,To Be Filled By O.E.M.,
Device Name:,To Be Filled By O.E.M.,
Manufacturer:,To Be Filled By O.E.M.,
Serial Number:,To Be Filled By O.E.M.,
Asset Tag Number:,To Be Filled By O.E.M.,
Model Part Number:,To Be Filled By O.E.M.,
Revision Level:,To Be Filled By O.E.M.,
Power Supply Status:,Present,
Power Supply Type:,Switching,
Power Status:,OK,
Hot replaceable:,No,
Unplugged from wall:,No,
Reference Code - CPU,7.0.56.48,
uCode Version,0.0.0.152,
TXT ACM version,1.3.0.0,
Reference Code - ME,7.0.56.48,
MEBx version,12.0.0.9,
ME Firmware Version,Consumer SKU,
Reference Code - CNL PCH,7.0.56.48,
PCH-CRID Status,Disabled,
PCH-CRID Original Value,0x30,
PCH-CRID New Value,0x30,
OPROM - RST - RAID,16.5.0.0,
CNL PCH H A0 Hsio Version,2.0.0.0,
CNL PCH H Ax Hsio Version,9.0.0.0,
CNL PCH H Bx Hsio Version,8.0.0.0,
CNL PCH LP Ax Hsio Version,19.0.0.0,
CNL PCH LP B0 Hsio Version,7.0.0.0,
CNL PCH LP Bx Hsio Version,6.0.0.0,
CNL PCH LP Dx Hsio Version,7.0.0.0,
Reference Code - SA - System Agent,7.0.56.48,
Reference Code - MRC,0.7.1.72,
SA - PCIe Version,7.0.56.48,
SA-CRID Status,Disabled,
SA-CRID Original Value,0.0.0.11,
SA-CRID New Value,0.0.0.11,
FSP Binary Version,4.0.0.0,
Socket Designation:,L1 Cache,
Cache State:,Enabled,
Cache Location:,Internal,
Cache Type:,L1 Unified,
Cache Scheme:,Write-Back,
Supported SRAM Type:,Synchronous,
Current SRAM Type:,Synchronous,
Cache Speed:,Unknown,
Error Correction Type:,Parity,
Maximum Cache Size:,256 KBytes,
Installed Cache Size:,256 KBytes,
Cache Associativity:,8-way Set-Associative,
Socket Designation:,L2 Cache,
Cache State:,Enabled,
Cache Location:,Internal,
Cache Type:,L2 Unified,
Cache Scheme:,Write-Back,
Supported SRAM Type:,Synchronous,
Current SRAM Type:,Synchronous,
Cache Speed:,Unknown,
Error Correction Type:,Single-bit ECC,
Maximum Cache Size:,1024 KBytes,
Installed Cache Size:,1024 KBytes,
Cache Associativity:,4-way Set-Associative,
Socket Designation:,L3 Cache,
Cache State:,Enabled,
Cache Location:,Internal,
Cache Type:,L3 Unified,
Cache Scheme:,Write-Back,
Supported SRAM Type:,Synchronous,
Current SRAM Type:,Synchronous,
Cache Speed:,Unknown,
Error Correction Type:,Multi-bit ECC,
Maximum Cache Size:,8192 KBytes,
Installed Cache Size:,8192 KBytes,
Cache Associativity:,16-way Set-Associative,
Processor Manufacturer:,Intel(R) Corporation,
Processor Version:,Intel(R) Core(TM) i7-8565U CPU @ 1.80GHz,
External Clock:,100 MHz,
Maximum Clock Supported:,2000 MHz,
Current Clock:,1683 MHz,
CPU Socket:,Populated,
CPU Status:,Enabled,
Processor Type:,Central Processor,
Processor Voltage:,0.7 V,
Processor Upgrade:,Unknown (3C),
Socket Designation:,U3E1,
Intel AMT Support:,Not Supported,
CPU VT-x Support:,Supported,
CPU VT-x Status:,Enabled,
CPU VT-x2 Support:,Not Supported,
CPU VT-x2 Status:,Disabled,
CPU TXT Support:,Not Supported,
CPU TXT Status:,Disabled,
CPU VMX Status:,Enabled,
CPU SMX Status:,Disabled,
Intel ME Status:,Enabled,
Intel OST Firmware Support:,Not Supported,
Intel ASF Firmware Support:,Not Supported,
Intel AMT Pro Firmware Support:,Not Supported,
Intel AMT Basic Firmware Support:,Not Supported,
Intel TPM Firmware Support:,Not Supported,
Intel Castle Peak Support:,Not Supported,
Intel WoX Support:,Not Supported,
Intel Virtualization Engine Support:,Not Supported,
Intel Anti-Theft Technology Support:,Not Supported,
TPM On-board:,Not Supported,
Intel Anti-Theft Technology Enrolled:,Not Supported,
Intel ME Version:,"v12.0, Build 1123, Hotfix 8",
BIOS VT-x Support:,Not Supported,
BIOS VT-d Support:,Supported,
BIOS TXT Support:,Not Supported,
BIOS TPM Support:,Not Supported,
BIOS ME Support:,Not Supported,
BIOS VA Extensions Support:,Supported,
Intel AT PBA For Recovery Support:,Not Supported,
Intel AT WWAN Support:,Not Supported,
Device Description:,Onboard - Other,
Device Type:,Unknown,
Device Status:,Enabled,
Device Description:,Onboard - Video,
Device Type:,Video Adapter,
Device Status:,Enabled,
Device Description:,Onboard - Other,
Device Type:,Unknown,
Device Status:,Enabled,
Device Description:,Onboard - Other,
Device Type:,Unknown,
Device Status:,Enabled,
Device Description:,Onboard - Other,
Device Type:,Unknown,
Device Status:,Enabled,
Device Description:,Onboard - Other,
Device Type:,Unknown,
Device Status:,Enabled,
Device Description:,Onboard - Other,
Device Type:,Unknown,
Device Status:,Enabled,
Device Description:,Onboard - Ethernet,
Device Type:,Ethernet Adapter,
Device Status:,Enabled,
Device Description:,Onboard - Other,
Device Type:,Unknown,
Device Status:,Enabled,
Device Description:,Onboard - Other,
Device Type:,Unknown,
Device Status:,Enabled,
Device Description:,Onboard - Other,
Device Type:,Unknown,
Device Status:,Enabled,
Device Description:,Onboard - Other,
Device Type:,Unknown,
Device Status:,Enabled,
Device Description:,Onboard - Other,
Device Type:,Unknown,
Device Status:,Enabled,
Device Description:,Onboard - Sound,
Device Type:,Audio Device,
Device Status:,Enabled,
Device Description:,Onboard - Other,
Device Type:,Unknown,
Device Status:,Enabled,
Device Description:,Onboard - Other,
Device Type:,Unknown,
Device Status:,Enabled,
Debug Mode Status,Disabled,
Performance Mode Status,Disabled,
Debug Use USB(Disabled:Serial),Disabled,
ICC Overclocking Version,0.0.0.0,
EC FW Version,1.6.0.0,
GOP Version,0.9.0.4224,
Royal Park Version,BP1.4.1.0_RP09,
Platform Version,0.7.0.0,
Client Silicon Version,0.2.0.13,
Array Location:,System board,
Array Use:,System memory,
Error Detecting Method:,None,
Memory Capacity:,8 GBytes,
Memory Devices:,2,
Total Width:,64 bits,
Data Width:,64 bits,
Device Size:,4096 MBytes,
Device Form Factor:,DIMM,
Device Locator:,ChannelA-DIMM0,
Bank Locator:,BANK 0,
Device Type:,DDR4,
Device Type Detail:,Synchronous,
Memory Speed:,2667 MHz,
Manufacturer:,Micron,
Serial Number:,0,
Part Number:,4ATF51264AZ-2G6B1   ,
Asset Tag:,9876543210,
Total Width:,64 bits,
Data Width:,64 bits,
Device Size:,4096 MBytes,
Device Form Factor:,DIMM,
Device Locator:,ChannelB-DIMM0,
Bank Locator:,BANK 2,
Device Type:,DDR4,
Device Type Detail:,Synchronous,
Memory Speed:,2667 MHz,
Manufacturer:,Micron,
Serial Number:,0,
Part Number:,4ATF51264AZ-2G6B1   ,
Asset Tag:,9876543210,
Starting Address:,0,
Ending Address:,007FFFFF,
Partition Width:,2,
Starting Address:,0,
Ending Address:,003FFFFF,
Partition Row Position:,Unknown,
Interleave Position:,1,
Interleave Data Depth:,1,
Starting Address:,400000,
Ending Address:,007FFFFF,
Partition Row Position:,Unknown,
Interleave Position:,2,
Interleave Data Depth:,1,
Port Type:,Mouse Port,
Internal Reference:,J1A1,
Internal Connector Type:,None,
External Reference:,PS2Mouse,
External Connector Type:,PS/2,
Port Type:,Keyboard Port,
Internal Reference:,J1A1,
Internal Connector Type:,None,
External Reference:,Keyboard,
External Connector Type:,PS/2,
Port Type:,Unknown,
Internal Reference:,J2A1,
Internal Connector Type:,None,
External Reference:,TV Out,
External Connector Type:,Mini-Centronics Type-14,
Port Type:,Serial Port 16550A Compatible,
Internal Reference:,J2A2A,
Internal Connector Type:,None,
External Reference:,COM A,
External Connector Type:,DB-9 pin male,
Port Type:,Video Port,
Internal Reference:,J2A2B,
Internal Connector Type:,None,
External Reference:,Video,
External Connector Type:,DB-15 pin female,
Port Type:,USB,
Internal Reference:,J3A1,
Internal Connector Type:,None,
External Reference:,USB1,
External Connector Type:,Access Bus (USB),
Port Type:,USB,
Internal Reference:,J3A1,
Internal Connector Type:,None,
External Reference:,USB2,
External Connector Type:,Access Bus (USB),
Port Type:,USB,
Internal Reference:,J3A1,
Internal Connector Type:,None,
External Reference:,USB3,
External Connector Type:,Access Bus (USB),
Port Type:,Unknown,
Internal Reference:,J9A1 - TPM HDR,
Internal Connector Type:,Unknown,
External Reference:,Unknown,
External Connector Type:,None,
Port Type:,Unknown,
Internal Reference:,J9C1 - PCIE DOCKING CONN,
Internal Connector Type:,Unknown,
External Reference:,Unknown,
External Connector Type:,None,
Port Type:,Unknown,
Internal Reference:,J2B3 - CPU FAN,
Internal Connector Type:,Unknown,
External Reference:,Unknown,
External Connector Type:,None,
Port Type:,Unknown,
Internal Reference:,J6C2 - EXT HDMI,
Internal Connector Type:,Unknown,
External Reference:,Unknown,
External Connector Type:,None,
Port Type:,Unknown,
Internal Reference:,J3C1 - GMCH FAN,
Internal Connector Type:,Unknown,
External Reference:,Unknown,
External Connector Type:,None,
Port Type:,Unknown,
Internal Reference:,J1D1 - ITP,
Internal Connector Type:,Unknown,
External Reference:,Unknown,
External Connector Type:,None,
Port Type:,Unknown,
Internal Reference:,J9E2 - MDC INTPSR,
Internal Connector Type:,Unknown,
External Reference:,Unknown,
External Connector Type:,None,
Port Type:,Unknown,
Internal Reference:,J9E4 - MDC INTPSR,
Internal Connector Type:,Unknown,
External Reference:,Unknown,
External Connector Type:,None,
Port Type:,Unknown,
Internal Reference:,J9E3 - LPC HOT DOCKING,
Internal Connector Type:,Unknown,
External Reference:,Unknown,
External Connector Type:,None,
Port Type:,Unknown,
Internal Reference:,J9E1 - SCAN MATRIX,
Internal Connector Type:,Unknown,
External Reference:,Unknown,
External Connector Type:,None,
Port Type:,Unknown,
Internal Reference:,J9G1 - LPC SIDE BAND,
Internal Connector Type:,Unknown,
External Reference:,Unknown,
External Connector Type:,None,
Port Type:,Unknown,
Internal Reference:,J8F1 - UNIFIED,
Internal Connector Type:,Unknown,
External Reference:,Unknown,
External Connector Type:,None,
Port Type:,Unknown,
Internal Reference:,J6F1 - LVDS,
Internal Connector Type:,Unknown,
External Reference:,Unknown,
External Connector Type:,None,
Port Type:,Unknown,
Internal Reference:,J2F1 - LAI FAN,
Internal Connector Type:,Unknown,
External Reference:,Unknown,
External Connector Type:,None,
Port Type:,Unknown,
Internal Reference:,J2G1 - GFX VID,
Internal Connector Type:,Unknown,
External Reference:,Unknown,
External Connector Type:,None,
Port Type:,Unknown,
Internal Reference:,J1G6 - AC JACK,
Internal Connector Type:,Unknown,
External Reference:,Unknown,
External Connector Type:,None,
J6B2,,
Slot Designation:,J6B2,
Slot Type:,PCI Express,
Slot Usage:,In use,
Slot Data Bus Width:,16x / x16,
Slot Length:,Long,
Slot Designation:,J6B1,
Slot Type:,PCI Express,
Slot Usage:,In use,
Slot Data Bus Width:,1x / x1,
Slot Length:,Short,
Slot Designation:,J6D1,
Slot Type:,PCI Express,
Slot Usage:,In use,
Slot Data Bus Width:,1x / x1,
Slot Length:,Short,
Slot Designation:,J7B1,
Slot Type:,PCI Express,
Slot Usage:,In use,
Slot Data Bus Width:,1x / x1,
Slot Length:,Short,
Slot Designation:,J8B4,
Slot Type:,PCI Express,
Slot Usage:,In use,
Slot Data Bus Width:,1x / x1,
Slot Length:,Short,
ME Current Working State:,Normal,
Manufacturing Mode:,Not Active,
ME Current Operation Mode:,Normal,
Boot Guard Status:,Enabled,
Boot Guard Verified Boot Policy:,Enabled,
Boot Guard Measured Boot Policy:,Enabled,
Intel ME Version:,"12.0, Build 1123, Hot Fix 8",
Intel ME Recovery Image Version:,"12.0, Build 1123, Hot Fix 8",
Intel ME FITC Version:,"12.0, Build 1120, Hot Fix 6",
Full Network Manageability:,Not Capable,
Standard Network Manageability:,Not Capable,
Manageability (AMT):,Not Capable,
Small Business Advantage:,Not Capable,
Intel Integrated Touch:,Not Capable,
Intel Anti-Theft:,Not Capable,
Capability Licensing Service:,Capable,
Virtualization Engine:,Not Capable,
Intel Sensor Hub (ISH):,Not Capable,
ICC Over Clocking:,Not Capable,
Protected Audio Video Path (PAVP):,Capable,
Network Frame Forwarder (NFF):,Not Capable,
Remote PC Assist (RPAT):,Capable,
IPV6:,Not Capable,
KVM Remote Control:,Not Capable,
Outbreak Containment Heuristic (OCH):,Not Capable,
Dynamic Application Loader (DAL):,Capable,
Cipher Transport Layer (TLS):,Not Capable,
Wireless LAN (WLAN):,Not Capable,
Platform Trust Technology (PTT):,Capable,
Near Field Communication (NFC):,Not Capable,
Full Network Manageability:,Disabled,
Standard Network Manageability:,Disabled,
Manageability (AMT):,Disabled,
Small Business Advantage:,Not Capable,
MEI3:,Not Capable,
Intel Anti-Theft:,Disabled,
Capability Licensing Service:,Enabled,
Virtualization Engine:,Disabled,
Intel Sensor Hub (ISH):,Disabled,
ICC Over Clocking:,Disabled,
Protected Audio Video Path (PAVP):,Enabled,
Network Frame Forwarder (NFF):,Not Capable,
Remote PC Assist (RPAT):,Enabled,
IPV6:,Disabled,
KVM Remote Control:,Disabled,
Outbreak Containment Heuristic (OCH):,Disabled,
Dynamic Application Loader (DAL):,Capable,
Cipher Transport Layer (TLS):,Disabled,
Wireless LAN (WLAN):,Disabled,
Platform Trust Technology (PTT):,Enabled,
Near Field Communication (NFC):,Disabled,
Platform Target Usage Type:,Mobile,
SKU:,Regular SKU,
ME Firmware Image Type:,Consumer SKU Firmware,
Platform Brand:,None,
Host ME Region Flash Protection Override (HMRFPO) Status:,Locked,
Total Memory Size:,8 GBytes,
Total Memory Size [MB]:,8192,
Maximum Supported Memory Clock:,1200.0 MHz,
Current Memory Clock:,664.9 MHz,
Current Timing (tCAS-tRCD-tRP-tRAS):,10-10-10-28,
Memory Channels Supported:,2,
Memory Channels Active:,2,
Command Rate:,1T,
Read to Read Delay (tRD_RD) Same Rank:,4T,
Read to Read Delay (tRD_RD) Different Rank:,4T,
Read to Read Delay (tRD_RD) Different DIMM:,7T,
Write to Write Delay (tWR_WR) Same Rank:,4T,
Write to Write Delay (tWR_WR) Different Rank:,4T,
Write to Write Delay (tWR_WR) Different DIMM:,7T,
Read to Write Delay (tRD_WR) Same Rank:,8T,
Read to Write Delay (tRD_WR) Different Rank:,8T,
Read to Write Delay (tRD_WR) Different DIMM:,10T,
Write to Read Delay (tWR_RD) Same Rank (tWTR):,19T,
Write to Read Delay (tWR_RD) Different Rank:,16T,
Write to Read Delay (tWR_RD) Different DIMM:,6T,
RAS# to RAS# Delay (tRRD):,5T,
Refresh Cycle Time (tRFC):,234T,
Four Activate Window (tFAW):,20T,
PCI Bus #0,,
Intel Whiskey Lake-U 4 - Host Bridge/DRAM Controller [W0],,
Device Name:,Intel Whiskey Lake-U 4 - Host Bridge/DRAM Controller [W0],
Original Device Name:,Intel Whiskey Lake-U 4 - Host Bridge/DRAM Controller [W0],
Device Class:,Host-to-PCI Bridge,
Revision ID:,B [W0],
PCI Address (Bus:Device:Function) Number:,00:00:00,
PCI Latency Timer:,0,
Hardware ID:,PCI\VEN_8086&DEV_3E34&SUBSYS_129A1025&REV_0B,
Interrupt Line:,N/A,
Interrupt Pin:,N/A,
Bus Mastering:,Enabled,
Running At 66 MHz:,Not Capable,
Fast Back-to-Back Transactions:,Capable,
Driver Manufacturer:,INTEL,
Driver Description:,Intel(R) HOST and DRAM Controller - 3E34,
Driver Provider:,INTEL,
Driver Version:,10.1.14.4,
DeviceInstanceId,PCI\VEN_8086&DEV_3E34&SUBSYS_129A1025&REV_0B\3&11583659&0&00,
Location Paths,PCIROOT(0)#PCI(0000),
Device Name:,Intel UHD Graphics 620 (Whiskey Lake-U GT2) - Integrated Graphics Controller,
Original Device Name:,Intel UHD Graphics 620 (Whiskey Lake-U GT2) - Integrated Graphics Controller,
Device Class:,VGA Compatible Adapter,
Revision ID:,0,
PCI Address (Bus:Device:Function) Number:,00:02:00,
PCI Latency Timer:,0,
Hardware ID:,PCI\VEN_8086&DEV_3EA0&SUBSYS_129A1025&REV_00,
Version:,1.1,
Current Link Width:,Not negotiated,
Device/Port Type:,Root Complex Integrated Endpoint,
Slot Implemented:,No,
Emergency Power Reduction:,Not Supported,
Active State Power Management (ASPM) Support:,None,
Active State Power Management (ASPM) Status:,Disabled,
L0s Exit Latency:,< 64 ns,
L1 Exit Latency:,< 1 us,
Maximum Payload Size Supported:,128 bytes,
Maximum Payload Size:,128 bytes,
Interrupt Line:,N/A,
Interrupt Pin:,INTA#,
Memory Base Address 0,A2000000,
Memory Base Address 2,80000000,
I/O Base Address 4,4000,
Bus Mastering:,Enabled,
Running At 66 MHz:,Not Capable,
Fast Back-to-Back Transactions:,Not Capable,
Driver Manufacturer:,Intel Corporation,
Driver Description:,Intel(R) UHD Graphics 620,
Driver Provider:,Intel Corporation,
Driver Version:,26.20.100.7212,
Driver Date:,12-Sep-19,
DCH/UWD Driver:,Capable,
DeviceInstanceId,PCI\VEN_8086&DEV_3EA0&SUBSYS_129A1025&REV_00\3&11583659&0&10,
Location Paths,PCIROOT(0)#PCI(0200),
Device Name:,Intel Skylake/Kaby Lake/Coffee Lake/Whiskey Lake - Dynamic Platform & Thermal Framework Processor Participant,
Original Device Name:,Intel Skylake/Kaby Lake/Coffee Lake/Whiskey Lake - Dynamic Platform & Thermal Framework Processor Participant,
Device Class:,Other Data Acquisition/Signal Processing Controller,
Revision ID:,B,
PCI Address (Bus:Device:Function) Number:,00:04:00,
PCI Latency Timer:,0,
Hardware ID:,PCI\VEN_8086&DEV_1903&SUBSYS_129A1025&REV_0B,
Interrupt Line:,IRQ16,
Interrupt Pin:,INTA#,
Memory Base Address 0,FE0E8000,
Bus Mastering:,Enabled,
Running At 66 MHz:,Not Capable,
Fast Back-to-Back Transactions:,Capable,
Driver Manufacturer:,Intel,
Driver Description:,Intel(R) Dynamic Platform and Thermal Framework Processor Participant,
Driver Provider:,Intel,
Driver Version:,8.4.11000.6436,
Driver Date:,27-Apr-18,
DeviceInstanceId,PCI\VEN_8086&DEV_1903&SUBSYS_129A1025&REV_0B\3&11583659&0&20,
Location Paths,PCIROOT(0)#PCI(0400),
Device Name:,Intel Skylake/Kaby Lake/Coffee Lake/Whiskey Lake - Gaussian Mixture Model,
Original Device Name:,Intel Skylake/Kaby Lake/Coffee Lake/Whiskey Lake - Gaussian Mixture Model,
Device Class:,Unknown Peripheral Device,
Revision ID:,0,
PCI Address (Bus:Device:Function) Number:,00:08:00,
PCI Latency Timer:,0,
Hardware ID:,PCI\VEN_8086&DEV_1911&SUBSYS_129A1025&REV_00,
Interrupt Line:,N/A,
Interrupt Pin:,INTA#,
Memory Base Address 0,A432C000,
Bus Mastering:,Disabled,
Running At 66 MHz:,Not Capable,
Fast Back-to-Back Transactions:,Not Capable,
Driver Manufacturer:,INTEL,
Driver Description:,Intel(R) Gaussian Mixture Model - 1911,
Driver Provider:,INTEL,
Driver Version:,10.1.7.2,
DeviceInstanceId,PCI\VEN_8086&DEV_1911&SUBSYS_129A1025&REV_00\3&11583659&0&40,
Location Paths,PCIROOT(0)#PCI(0800),
Device Name:,Intel Cannon Lake-LP - Thermal Subsystem [D0],
Original Device Name:,Intel Cannon Lake-LP - Thermal Subsystem [D0],
Device Class:,Other Data Acquisition/Signal Processing Controller,
Revision ID:,30 [D0],
PCI Address (Bus:Device:Function) Number:,00:18:00,
PCI Latency Timer:,0,
Hardware ID:,PCI\VEN_8086&DEV_9DF9&SUBSYS_129A1025&REV_30,
Interrupt Line:,N/A,
Interrupt Pin:,INTA#,
Memory Base Address 0,A432B000,
Bus Mastering:,Disabled,
Running At 66 MHz:,Not Capable,
Fast Back-to-Back Transactions:,Not Capable,
Driver Manufacturer:,INTEL,
Driver Description:,Intel(R) Thermal Subsystem - 9DF9,
Driver Provider:,INTEL,
Driver Version:,10.1.15.3,
DeviceInstanceId,PCI\VEN_8086&DEV_9DF9&SUBSYS_129A1025&REV_30\3&11583659&0&90,
Location Paths,PCIROOT(0)#PCI(1200),
Device Name:,Intel Cannon Lake-LP - USB 3.1 xHCI Host Controller [D0],
Original Device Name:,Intel Cannon Lake-LP - USB 3.1 xHCI Host Controller [D0],
Device Class:,USB xHCI Controller,
Revision ID:,30 [D0],
PCI Address (Bus:Device:Function) Number:,00:20:00,
PCI Latency Timer:,0,
Hardware ID:,PCI\VEN_8086&DEV_9DED&SUBSYS_129A1025&REV_30,
Interrupt Line:,N/A,
Interrupt Pin:,INTA#,
Memory Base Address 0,A4300000,
Bus Mastering:,Enabled,
Running At 66 MHz:,Not Capable,
Fast Back-to-Back Transactions:,Capable,
USB Version Supported:,3.1,
Driver Manufacturer:,Generic USB xHCI Host Controller,
Driver Description:,USB xHCI Compliant Host Controller,
Driver Provider:,Microsoft,
Driver Version:,10.0.17134.1,
Driver Date:,10-Apr-18,
DeviceInstanceId,PCI\VEN_8086&DEV_9DED&SUBSYS_129A1025&REV_30\3&11583659&0&A0,
Location Paths,PCIROOT(0)#PCI(1400),
[Port1] : No Device Connected,,
[Port2] : No Device Connected,,
[Port3] : No Device Connected,,
[Port4] : No Device Connected,,
[Port5] : EgisTec Touch Fingerprint Sensor,,
Device Manufacturer:,-,
Product Name:,-,
Serial Number:,-,
USB Version Supported:,1.1,
USB Device Speed:,USB 1.1 Full-speed,
Driver Description:,EgisTec Touch Fingerprint Sensor,
Hardware ID:,USB\VID_1C7A&PID_0570,
Driver Manufacturer:,Egis Technology Inc.,
Driver Description:,EgisTec Touch Fingerprint Sensor,
Driver Provider:,Egis Technology Inc.,
Driver Version:,3.5.3.16,
Driver Date:,08-Jun-18,
DeviceInstanceId,USB\VID_1C7A&PID_0570\5&3073AD6F&0&5,
Location Paths,PCIROOT(0)#PCI(1400)#USBROOT(0)#USB(5),
Device Manufacturer:,RealTek,
Product Name:,RealTek RTS5129 USB Card Reader,
Serial Number:,-,
USB Version Supported:,2,
USB Device Speed:,USB 2.0 High-speed,
Driver Description:,Realtek USB 2.0 Card Reader,
Hardware ID:,USB\VID_0BDA&PID_0129,
Driver Manufacturer:,Realtek Semiconductor Corp.,
Driver Description:,Realtek USB 2.0 Card Reader,
Driver Provider:,Realtek Semiconductor Corp.,
Driver Version:,10.0.17134.31242,
Driver Date:,10-May-18,
DeviceInstanceId,USB\VID_0BDA&PID_0129\20100201396000000,
Location Paths,PCIROOT(0)#PCI(1400)#USBROOT(0)#USB(6),
Device Manufacturer:,-,
Product Name:,-,
Serial Number:,-,
USB Version Supported:,2,
USB Device Speed:,USB 2.0 High-speed,
Driver Description:,USB Composite Device,
Hardware ID:,USB\VID_1BCF&PID_2CB0,
Driver Manufacturer:,(Standard USB Host Controller),
Driver Description:,USB Composite Device,
Driver Provider:,Microsoft,
Driver Version:,10.0.17134.1,
Driver Date:,21-Jun-06,
DeviceInstanceId,USB\VID_1BCF&PID_2CB0\5&3073AD6F&0&7,
Location Paths,PCIROOT(0)#PCI(1400)#USBROOT(0)#USB(7),
[Port9] : No Device Connected,,
[Port10] : Intel(R) Wireless Bluetooth(R),,
Device Manufacturer:,Intel,
Product Name:,-,
Serial Number:,-,
USB Version Supported:,2,
USB Device Speed:,USB 1.1 Full-speed,
Driver Description:,Intel(R) Wireless Bluetooth(R),
Hardware ID:,USB\VID_8087&PID_0AAA,
Driver Manufacturer:,Intel Corporation,
Driver Description:,Intel(R) Wireless Bluetooth(R),
Driver Provider:,Intel Corporation,
Driver Version:,20.60.0.4,
Driver Date:,04-May-18,
DeviceInstanceId,USB\VID_8087&PID_0AAA\5&3073AD6F&0&10,
Location Paths,PCIROOT(0)#PCI(1400)#USBROOT(0)#USB(10),
[Port12] : No Device Connected,,
[Port13] : No Device Connected,,
[Port14] : USB Attached SCSI (UAS) Mass Storage Device,,
Device Manufacturer:,SanDisk,
Product Name:,Extreme SSD,
Serial Number:,3.13932E+23,
USB Version Supported:,3.1,
USB Device Speed:,USB 3.1 SuperSpeedPlus,
Driver Description:,USB Attached SCSI (UAS) Mass Storage Device,
Hardware ID:,USB\VID_0781&PID_558C,
Driver Manufacturer:,USB Attached SCSI (UAS) Compatible Device,
Driver Description:,USB Attached SCSI (UAS) Mass Storage Device,
Driver Provider:,Microsoft,
Driver Version:,10.0.17134.1,
Driver Date:,21-Jun-06,
DeviceInstanceId,USB\VID_0781&PID_558C\MSFT30313932383756343032333038,
Location Paths,PCIROOT(0)#PCI(1400)#USBROOT(0)#USB(14),
[Port16] : No Device Connected,,
[Port17] : No Device Connected,,
[Port18] : No Device Connected,,
Intel Cannon Lake-LP - Shared SRAM [D0],,
Device Name:,Intel Cannon Lake-LP - Shared SRAM [D0],
Original Device Name:,Intel Cannon Lake-LP - Shared SRAM [D0],
Device Class:,RAM/Memory Controller,
Revision ID:,30 [D0],
PCI Address (Bus:Device:Function) Number:,00:20:02,
PCI Latency Timer:,0,
Hardware ID:,PCI\VEN_8086&DEV_9DEF&SUBSYS_72708086&REV_30,
Interrupt Line:,N/A,
Interrupt Pin:,N/A,
Memory Base Address 0,A4322000,
Memory Base Address 2,A432A000,
Bus Mastering:,Disabled,
Running At 66 MHz:,Not Capable,
Fast Back-to-Back Transactions:,Not Capable,
Driver Manufacturer:,(Standard system devices),
Driver Description:,PCI standard RAM Controller,
Driver Provider:,Microsoft,
Driver Version:,10.0.17134.1,
Driver Date:,21-Jun-06,
DeviceInstanceId,PCI\VEN_8086&DEV_9DEF&SUBSYS_72708086&REV_30\3&11583659&0&A2,
Location Paths,PCIROOT(0)#PCI(1402),
Device Name:,Intel Cannon Lake-LP - Wireless-AC 9560 (CNVi: WiFi (sku 0)) [D0],
Original Device Name:,Intel Cannon Lake-LP - Wireless-AC 9560 (CNVi: WiFi (sku 0)) [D0],
Device Class:,Other Network Adapter,
Revision ID:,30 [D0],
PCI Address (Bus:Device:Function) Number:,00:20:03,
PCI Latency Timer:,0,
Hardware ID:,PCI\VEN_8086&DEV_9DF0&SUBSYS_00348086&REV_30,
Version:,1.1,
Current Link Width:,Not negotiated,
Device/Port Type:,Root Complex Integrated Endpoint,
Slot Implemented:,No,
Emergency Power Reduction:,Not Supported,
Active State Power Management (ASPM) Support:,None,
Active State Power Management (ASPM) Status:,Disabled,
L0s Exit Latency:,< 64 ns,
L1 Exit Latency:,< 1 us,
Maximum Payload Size Supported:,128 bytes,
Maximum Payload Size:,128 bytes,
Interrupt Line:,N/A,
Interrupt Pin:,INTA#,
Memory Base Address 0,FE0F8000,
Bus Mastering:,Enabled,
Running At 66 MHz:,Not Capable,
Fast Back-to-Back Transactions:,Not Capable,
Driver Manufacturer:,Intel Corporation,
Driver Description:,Intel(R) Wireless-AC 9560,
Driver Provider:,Intel,
Driver Version:,20.70.0.5,
Driver Date:,25-Jun-18,
DeviceInstanceId,PCI\VEN_8086&DEV_9DF0&SUBSYS_00348086&REV_30\3&11583659&0&A3,
Location Paths,PCIROOT(0)#PCI(1403),
Device Name:,Intel Cannon Lake-LP - LPSS: I2C Controller #0 [D0],
Original Device Name:,Intel Cannon Lake-LP - LPSS: I2C Controller #0 [D0],
Device Class:,Other Serial Bus Controller,
Revision ID:,30 [D0],
PCI Address (Bus:Device:Function) Number:,00:21:00,
PCI Latency Timer:,0,
Hardware ID:,PCI\VEN_8086&DEV_9DE8&SUBSYS_129A1025&REV_30,
Interrupt Line:,IRQ16,
Interrupt Pin:,INTA#,
Memory Base Address 0,0,
Bus Mastering:,Disabled,
Running At 66 MHz:,Not Capable,
Fast Back-to-Back Transactions:,Not Capable,
Driver Manufacturer:,Intel Corporation,
Driver Description:,Intel(R) Serial IO I2C Host Controller - 9DE8,
Driver Provider:,Intel Corporation,
Driver Version:,30.100.1727.1,
Driver Date:,03-Jul-17,
DeviceInstanceId,PCI\VEN_8086&DEV_9DE8&SUBSYS_129A1025&REV_30\3&11583659&0&A8,
Location Paths,PCIROOT(0)#PCI(1500),
Device Name:,Intel Cannon Lake-LP - LPSS: I2C Controller #1 [D0],
Original Device Name:,Intel Cannon Lake-LP - LPSS: I2C Controller #1 [D0],
Device Class:,Other Serial Bus Controller,
Revision ID:,30 [D0],
PCI Address (Bus:Device:Function) Number:,00:21:01,
PCI Latency Timer:,0,
Hardware ID:,PCI\VEN_8086&DEV_9DE9&SUBSYS_129A1025&REV_30,
Interrupt Line:,IRQ17,
Interrupt Pin:,INTB#,
Memory Base Address 0,FE0F6000,
Bus Mastering:,Enabled,
Running At 66 MHz:,Not Capable,
Fast Back-to-Back Transactions:,Not Capable,
Driver Manufacturer:,Intel Corporation,
Driver Description:,Intel(R) Serial IO I2C Host Controller - 9DE9,
Driver Provider:,Intel Corporation,
Driver Version:,30.100.1727.1,
Driver Date:,03-Jul-17,
DeviceInstanceId,PCI\VEN_8086&DEV_9DE9&SUBSYS_129A1025&REV_30\3&11583659&0&A9,
Location Paths,PCIROOT(0)#PCI(1501),
Device Name:,Intel Cannon Lake-LP - HECI #1 [D0],
Original Device Name:,Intel Cannon Lake-LP - HECI #1 [D0],
Device Class:,Other Communication Device,
Revision ID:,30 [D0],
PCI Address (Bus:Device:Function) Number:,00:22:00,
PCI Latency Timer:,0,
Hardware ID:,PCI\VEN_8086&DEV_9DE0&SUBSYS_129A1025&REV_30,
Interrupt Line:,N/A,
Interrupt Pin:,INTA#,
Memory Base Address 0,FE0F7000,
Bus Mastering:,Enabled,
Running At 66 MHz:,Not Capable,
Fast Back-to-Back Transactions:,Not Capable,
Driver Manufacturer:,Intel,
Driver Description:,Intel(R) Management Engine Interface ,
Driver Provider:,Intel,
Driver Version:,1815.12.0.2021,
Driver Date:,11-Apr-18,
DeviceInstanceId,PCI\VEN_8086&DEV_9DE0&SUBSYS_129A1025&REV_30\3&11583659&0&B0,
Location Paths,PCIROOT(0)#PCI(1600),
Device Name:,Intel HM170/QM170 PCH - SATA RAID (RST) Controller [D0],
Original Device Name:,Intel HM170/QM170 PCH - SATA RAID (RST) Controller [D0],
Device Class:,RAID controller,
Revision ID:,30 [D0],
PCI Address (Bus:Device:Function) Number:,00:23:00,
PCI Latency Timer:,0,
Hardware ID:,PCI\VEN_8086&DEV_282A&SUBSYS_129A1025&REV_30,
Interrupt Line:,N/A,
Interrupt Pin:,INTA#,
Memory Base Address 0,A4320000,
Memory Base Address 1,A4326000,
I/O Base Address 2,4090,
I/O Base Address 3,4080,
I/O Base Address 4,4060,
Memory Base Address 5,A4325000,
Bus Mastering:,Enabled,
Running At 66 MHz:,Capable,
Fast Back-to-Back Transactions:,Capable,
Interface Speed Supported:,Gen2 3.0 Gbps,
Number Of Ports:,16,
External SATA Support:,Not Capable,
Aggressive Link Power Management:,Capable,
Staggered Spin-up:,Not Capable,
Mechanical Presence Switch:,Not Capable,
Command Queue Acceleration:,Capable,
64-bit Addressing:,Capable,
AHCI Status:,Enabled,
AHCI Version:,1.31,
Driver Manufacturer:,Intel Corporation,
Driver Description:,Intel(R) Chipset SATA/PCIe RST Premium Controller,
Driver Provider:,Intel Corporation,
Driver Version:,16.5.1.1030,
Driver Date:,12-Jun-18,
DeviceInstanceId,PCI\VEN_8086&DEV_282A&SUBSYS_129A1025&REV_30\3&11583659&0&B8,
Location Paths,PCIROOT(0)#PCI(1700),
Device Name:,Intel Cannon Lake-LP - PCI Express Root Port #1 [A0/D0],
Original Device Name:,Intel Cannon Lake-LP - PCI Express Root Port #1 [A0/D0],
Device Class:,PCI-to-PCI Bridge,
Revision ID:,F0 [A0/D0],
PCI Address (Bus:Device:Function) Number:,00:28:00,
PCI Latency Timer:,0,
Hardware ID:,PCI\VEN_8086&DEV_9DB8&SUBSYS_00000000&REV_F0,
Version:,3,
Maximum Link Width:,1x,
Current Link Width:,Not negotiated,
Maximum Link Speed:,8.0 GT/s,
Current Link Speed:,2.5 GT/s,
Device/Port Type:,Root Port of PCI Express Root Complex,
Slot Implemented:,No,
Emergency Power Reduction:,Not Supported,
Active State Power Management (ASPM) Support:,L0s and L1,
Active State Power Management (ASPM) Status:,L0s and L1 Entry,
L0s Exit Latency:,512 ns - 1 us,
L1 Exit Latency:,2 - 4 us,
Maximum Payload Size Supported:,256 bytes,
Maximum Payload Size:,128 bytes,
Interrupt Line:,N/A,
Interrupt Pin:,N/A,
Bus Mastering:,Enabled,
Running At 66 MHz:,Not Capable,
Fast Back-to-Back Transactions:,Not Capable,
Driver Manufacturer:,INTEL,
Driver Description:,Intel(R) PCI Express Root Port #1 - 9DB8,
Driver Provider:,INTEL,
Driver Version:,10.1.15.3,
DeviceInstanceId,PCI\VEN_8086&DEV_9DB8&SUBSYS_129A1025&REV_F0\3&11583659&0&E0,
Location Paths,PCIROOT(0)#PCI(1C00),
Intel Cannon Lake-LP - PCI Express Root Port #5 [A0/D0],,
Device Name:,Intel Cannon Lake-LP - PCI Express Root Port #5 [A0/D0],
Original Device Name:,Intel Cannon Lake-LP - PCI Express Root Port #5 [A0/D0],
Device Class:,PCI-to-PCI Bridge,
Revision ID:,F0 [A0/D0],
PCI Address (Bus:Device:Function) Number:,00:28:04,
PCI Latency Timer:,0,
Hardware ID:,PCI\VEN_8086&DEV_9DBC&SUBSYS_00000000&REV_F0,
Version:,3,
Maximum Link Width:,4x,
Current Link Width:,4x,
Maximum Link Speed:,8.0 GT/s,
Current Link Speed:,2.5 GT/s,
Device/Port Type:,Root Port of PCI Express Root Complex,
Slot Implemented:,Yes,
Hot-Plug:,Not Capable,
Hot-Plug Surprise:,Not Capable,
Slot Power Limit:,25.000 W,
Emergency Power Reduction:,Not Supported,
Active State Power Management (ASPM) Support:,L0s,
Active State Power Management (ASPM) Status:,L0s Entry,
L0s Exit Latency:,512 ns - 1 us,
L1 Exit Latency:,8 - 16 us,
Maximum Payload Size Supported:,256 bytes,
Maximum Payload Size:,256 bytes,
Interrupt Line:,N/A,
Interrupt Pin:,INTA#,
Bus Mastering:,Enabled,
Running At 66 MHz:,Not Capable,
Fast Back-to-Back Transactions:,Not Capable,
Driver Manufacturer:,INTEL,
Driver Description:,Intel(R) PCI Express Root Port #5 - 9DBC,
Driver Provider:,INTEL,
Driver Version:,10.1.15.3,
DeviceInstanceId,PCI\VEN_8086&DEV_9DBC&SUBSYS_129A1025&REV_F0\3&11583659&0&E4,
Location Paths,PCIROOT(0)#PCI(1C04),
NVIDIA GeForce MX150 (GP108),,
Device Name:,NVIDIA GeForce MX150 (GP108),
Original Device Name:,NVIDIA GeForce MX150 (GP108),
Device Class:,3D Adapter,
Revision ID:,A1,
PCI Address (Bus:Device:Function) Number:,02:00:00,
PCI Latency Timer:,0,
Hardware ID:,PCI\VEN_10DE&DEV_1D12&SUBSYS_129A1025&REV_A1,
Version:,3,
Maximum Link Width:,4x,
Current Link Width:,4x,
Maximum Link Speed:,8.0 GT/s,
Current Link Speed:,2.5 GT/s,
Device/Port Type:,PCI Express Endpoint,
Slot Implemented:,No,
Emergency Power Reduction:,Not Supported,
Active State Power Management (ASPM) Support:,L0s and L1,
Active State Power Management (ASPM) Status:,L0s Entry,
L0s Exit Latency:,256 - 512 ns,
L1 Exit Latency:,8 - 16 us,
Maximum Payload Size Supported:,256 bytes,
Maximum Payload Size:,256 bytes,
Interrupt Line:,N/A,
Interrupt Pin:,INTA#,
Memory Base Address 0,A3000000,
Memory Base Address 1,90000000,
Memory Base Address 3,A0000000,
I/O Base Address 5,0,
Bus Mastering:,Enabled,
Running At 66 MHz:,Not Capable,
Fast Back-to-Back Transactions:,Not Capable,
Driver Manufacturer:,NVIDIA,
Driver Description:,NVIDIA GeForce MX150,
Driver Provider:,NVIDIA,
Driver Version:,24.21.13.9872 (GeForce 398.72),
Driver Date:,20-Jul-18,
DCH/UWD Driver:,Capable,
DeviceInstanceId,PCI\VEN_10DE&DEV_1D12&SUBSYS_129A1025&REV_A1\4&18CB50BC&0&00E4,
Location Paths,PCIROOT(0)#PCI(1C04)#PCI(0000),
Device Name:,Intel Cannon Lake-LP - PCI Express Root Port #9 [A0/D0],
Original Device Name:,Intel Cannon Lake-LP - PCI Express Root Port #9 [A0/D0],
Device Class:,PCI-to-PCI Bridge,
Revision ID:,F0 [A0/D0],
PCI Address (Bus:Device:Function) Number:,00:29:00,
PCI Latency Timer:,0,
Hardware ID:,PCI\VEN_8086&DEV_9DB0&SUBSYS_00000000&REV_F0,
Version:,3,
Maximum Link Width:,4x,
Current Link Width:,4x,
Maximum Link Speed:,8.0 GT/s,
Current Link Speed:,8.0 GT/s,
Device/Port Type:,Root Port of PCI Express Root Complex,
Slot Implemented:,Yes,
Hot-Plug:,Not Capable,
Hot-Plug Surprise:,Not Capable,
Slot Power Limit:,25.000 W,
Emergency Power Reduction:,Not Supported,
Active State Power Management (ASPM) Support:,L1,
Active State Power Management (ASPM) Status:,L1 Entry,
L0s Exit Latency:,512 ns - 1 us,
L1 Exit Latency:,8 - 16 us,
Maximum Payload Size Supported:,256 bytes,
Maximum Payload Size:,128 bytes,
Interrupt Line:,N/A,
Interrupt Pin:,INTA#,
Bus Mastering:,Enabled,
Running At 66 MHz:,Not Capable,
Fast Back-to-Back Transactions:,Not Capable,
Driver Manufacturer:,INTEL,
Driver Description:,Intel(R) PCI Express Root Port #9 - 9DB0,
Driver Provider:,INTEL,
Driver Version:,10.1.15.3,
DeviceInstanceId,PCI\VEN_8086&DEV_9DB0&SUBSYS_129A1025&REV_F0\3&11583659&0&E8,
Location Paths,PCIROOT(0)#PCI(1D00),
Intel NVMe Controller,,
Device Name:,Intel NVMe Controller,
Original Device Name:,Intel NVMe Controller,
Device Class:,NVMe Controller,
Revision ID:,3,
PCI Address (Bus:Device:Function) Number:,03:00:00,
PCI Latency Timer:,0,
Hardware ID:,PCI\VEN_8086&DEV_F1A5&SUBSYS_390A8086&REV_03,
Version:,3,
Maximum Link Width:,4x,
Current Link Width:,4x,
Maximum Link Speed:,8.0 GT/s,
Current Link Speed:,8.0 GT/s,
Device/Port Type:,PCI Express Endpoint,
Slot Implemented:,No,
Emergency Power Reduction:,Not Supported,
Active State Power Management (ASPM) Support:,L1,
Active State Power Management (ASPM) Status:,L1 Entry,
L0s Exit Latency:,512 ns - 1 us,
L1 Exit Latency:,4 - 8 us,
Maximum Payload Size Supported:,128 bytes,
Maximum Payload Size:,128 bytes,
Interrupt Line:,N/A,
Interrupt Pin:,INTA#,
Memory Base Address 0,A4200000,
Bus Mastering:,Enabled,
Running At 66 MHz:,Not Capable,
Fast Back-to-Back Transactions:,Not Capable,
Driver Manufacturer:,Intel Corporation,
Driver Description:,Intel(R) NVMe Controller,
Driver Provider:,Intel Corporation,
Driver Version:,16.5.1.1030,
Driver Date:,12-Jun-18,
DeviceInstanceId,PCI\VEN_8086&DEV_F1A5&SUBSYS_390A8086&REV_03\4&6D458A4&0&00E8,
Location Paths,PCIROOT(0)#PCI(1D00)#PCI(0000),
Device Name:,Intel Cannon Lake-U PCH - LPC Controller/eSPI Controller [D0/D1],
Original Device Name:,Intel Cannon Lake-U PCH - LPC Controller/eSPI Controller [D0/D1],
Device Class:,PCI-to-ISA Bridge,
Revision ID:,30 [D0/D1],
PCI Address (Bus:Device:Function) Number:,00:31:00,
PCI Latency Timer:,0,
Hardware ID:,PCI\VEN_8086&DEV_9D84&SUBSYS_129A1025&REV_30,
Interrupt Line:,N/A,
Interrupt Pin:,N/A,
Bus Mastering:,Enabled,
Running At 66 MHz:,Not Capable,
Fast Back-to-Back Transactions:,Not Capable,
Driver Manufacturer:,INTEL,
Driver Description:,I/O LPC Controller - 9D84 for mobile 8th Gen Intel(R) Core(TM) processor family,
Driver Provider:,INTEL,
Driver Version:,10.1.15.3,
DeviceInstanceId,PCI\VEN_8086&DEV_9D84&SUBSYS_129A1025&REV_30\3&11583659&0&F8,
Location Paths,PCIROOT(0)#PCI(1F00),
Intel Cannon Lake-LP - cAVS (Audio, Voice, Speech) [D0]
Device Name:,Intel Cannon Lake-LP - SMBus Host Controller [D0],
Original Device Name:,Intel Cannon Lake-LP - SMBus Host Controller [D0],
Device Class:,SMBus (System Management Bus),
Revision ID:,30 [D0],
PCI Address (Bus:Device:Function) Number:,00:31:04,
PCI Latency Timer:,0,
Hardware ID:,PCI\VEN_8086&DEV_9DA3&SUBSYS_129A1025&REV_30,
Interrupt Line:,N/A,
Interrupt Pin:,INTA#,
Memory Base Address 0,A4324000,
I/O Base Address 4,EFA0,
Bus Mastering:,Disabled,
Running At 66 MHz:,Not Capable,
Fast Back-to-Back Transactions:,Capable,
Driver Manufacturer:,INTEL,
Driver Description:,Intel(R) SMBus - 9DA3,
Driver Provider:,INTEL,
Driver Version:,10.1.15.3,
DeviceInstanceId,PCI\VEN_8086&DEV_9DA3&SUBSYS_129A1025&REV_30\3&11583659&0&FC,
Location Paths,PCIROOT(0)#PCI(1F04),
Device Name:,Intel Cannon Lake-LP - SPI (flash) Controller [D0],
Original Device Name:,Intel Cannon Lake-LP - SPI (flash) Controller [D0],
Device Class:,Other Serial Bus Controller,
Revision ID:,30 [D0],
PCI Address (Bus:Device:Function) Number:,00:31:05,
PCI Latency Timer:,0,
Hardware ID:,PCI\VEN_8086&DEV_9DA4&SUBSYS_129A1025&REV_30,
Interrupt Line:,N/A,
Interrupt Pin:,N/A,
Memory Base Address 0,FE010000,
Bus Mastering:,Disabled,
Running At 66 MHz:,Not Capable,
Fast Back-to-Back Transactions:,Not Capable,
Driver Manufacturer:,INTEL,
Driver Description:,Intel(R) SPI (flash) Controller - 9DA4,
Driver Provider:,INTEL,
Driver Version:,10.1.15.3,
DeviceInstanceId,PCI\VEN_8086&DEV_9DA4&SUBSYS_129A1025&REV_30\3&11583659&0&FD,
Location Paths,PCIROOT(0)#PCI(1F05),
Intel UHD Graphics 620,,
Video Chipset:,Intel UHD Graphics 620,
Video Chipset Codename:,Whiskey Lake-U GT2,
Video Memory:,1024 MBytes,
Video Card:,Intel UHD Graphics 620 (Whiskey Lake-U GT2) - Integrated Graphics Controller [ACER],
Video Bus:,Integrated,
Video RAMDAC:,Internal,
Video BIOS Version:,Unknown,
Memory Clock:,664.0 MHz,
Hardware ID:,PCI\VEN_8086&DEV_3EA0&SUBSYS_129A1025&REV_00,
PCI Location (Bus:Dev:Fnc):,00:02:00,
Driver Manufacturer:,Intel Corporation,
Driver Description:,Intel(R) UHD Graphics 620,
Driver Provider:,Intel Corporation,
Driver Version:,26.20.100.7212,
Driver Date:,12-Sep-19,
DCH/UWD Driver:,Capable,
DeviceInstanceId,PCI\VEN_8086&DEV_3EA0&SUBSYS_129A1025&REV_00\3&11583659&0&10,
Location Paths,PCIROOT(0)#PCI(0200),
Video Chipset:,NVIDIA GeForce MX150,
Video Chipset Codename:,GP108,
Video Memory:,2048 MBytes of GDDR5 SDRAM [Micron],
Video Card:,NVIDIA GeForce MX150 (GP108) [ACER],
Video Bus:,PCIe v3.0 x4 (8.0 GT/s) @ x4 (2.5 GT/s),
Video BIOS Version:,86.08.26.00.12,
Video Chipset Revision:,A1,
Processor Clock:,139.0 MHz,
Video Unit Clock:,544.0 MHz,
Memory Clock:,202.5 MHz (Effective 810.0 MHz),
Memory Bus Width:,64-bit,
Number Of ROPs:,16,
Number Of Unified Shaders:,384,
Number Of TMUs (Texture Mapping Units):,24,
NVIDIA SLI Status:,Not Present,
Hardware ID:,PCI\VEN_10DE&DEV_1D12&SUBSYS_129A1025&REV_A1,
PCI Location (Bus:Dev:Fnc):,02:00:00,
Driver Manufacturer:,NVIDIA,
Driver Description:,NVIDIA GeForce MX150,
Driver Provider:,NVIDIA,
Driver Version:,24.21.13.9872 (GeForce 398.72),
Driver Date:,20-Jul-18,
DCH/UWD Driver:,Capable,
DeviceInstanceId,PCI\VEN_10DE&DEV_1D12&SUBSYS_129A1025&REV_A1\4&18CB50BC&0&00E4,
Location Paths,PCIROOT(0)#PCI(1C04)#PCI(0000),
Chi Mei [Unknown Model: CMN14D5],,
Monitor Name:,Chi Mei [Unknown Model: CMN14D5],
Monitor Name (Manuf):,N140HCE-EN2  CMN          N140HCE-EN2  ,
Serial Number:,Unknown,
Date Of Manufacture:,"Week: 40, Year: 2016",
Monitor Hardware ID:,Monitor\CMN14D5,
Max. Vertical Size:,17 cm,
Max. Horizontal Size:,31 cm,
Input Signal:,Digital,
Color Bit Depth:,8 Bits per Primary Color,
Digital Video Interface Standard Supported:,DisplayPort,
Gamma Factor:,2.2,
Standby:,Not Supported,
Suspend:,Not Supported,
Active Off:,Not Supported,
Standard Colour Space (sRGB) Default:,Not Supported,
Preferred Timing Mode:,Supported,
Default GTF (Continuous Frequency):,Not Supported,
DFP 1.x Compatible:,Yes,
1920 x 1080,"309 x 173 mm, Pixel Clock 152.84 MHz",
(S)ATA/ATAPI Drives,,
INTEL SSDPEKKW512G7,,
Host Controller:,Intel NVMe Controller,
Drive Model:,INTEL SSDPEKKW512G7,
Drive Serial Number:,BTPY71730AF4512F,
Drive Firmware Revision:, PSF109C,
NVMe Version Supported:,v1.2,
Drive Capacity:,"488,386 MBytes (512 GB)",
Drive Capacity [MB]:,488386,
Volatile Write Cache:,Present,
Compare Command:,Not Supported,
Write Uncorrectable Command:,Supported,
Dataset Management:,Supported,
Write Zeroes:,Supported,
Save field set to a non-zero value:,Supported,
Reservations:,Not Supported,
Timestamp:,Not Supported,
Autonomous Power State Transitions:,Supported,
Available Space Below Threshold:,OK,
Temperature Exceeded Critical Threshold:,OK,
Device Reliablity Degraded:,OK,
Media In Read Only Mode:,OK,
Volatile Memory Backup Device Failed:,OK,
Drive Temperature:,21 °C,
Warning Temperature Threshold:,70 °C,
Critical Temperature Threshold:,80 °C,
Time Above Warning Temperature Threshold:,0 minutes,
Time Above Critical Temperature Threshold:,0 minutes,
Spare Capacity Available:,100%,
Device Health:,100%,
Power Cycles:,64,
Power On Hours:,1041 hours,
Unsafe Shutdowns:,43,
Media Errors:,0,
Total Host Reads:,495 GBytes,
Total Host Writes:,513 GBytes,
Drive Controller:,Serial ATA 6Gb/s @ 6Gb/s <-> USB,
Host Controller:,USB Attached SCSI (UAS) Mass Storage Device,
Drive Model:,SanDisk SD9SN8W2T00,
Drive Firmware Revision:,X61110RL,
Drive Serial Number:,19271C455611,
World Wide Name:,5001B444A8E2ED3C,
Drive Capacity:,"1,907,729 MBytes (2000 GB)",
Drive Capacity [MB]:,1907729,
Media Rotation Rate:,SSD Drive (Non-rotating),
Nominal Form Factor:,M.2,
ATA Major Version Supported:,"ATA/ATAPI-5, ATA/ATAPI-6, ATA/ATAPI-7, ATA8-ACS, ACS-2, ACS-3, ACS-4",
ATA Minor Version Supported:,ACS-4 Revision 5,
ATA Transport Version Supported:,SATA 3.3,
Number of Cylinders:,16383,
Number of Heads:,16,
Sectors Per Track:,63,
Number of Sectors:,16514064,
Total 32-bit LBA Sectors:,268435455,
Total 48-bit LBA Sectors:,3907029168,
Logical Sector Size:,512 Bytes,
Cache Buffer Size:,N/A,
Sectors Per Interrupt:,"Total: 1, Active: 1",
Max. PIO Transfer Mode:,4,
Multiword DMA Mode:,"Total: 2, Active: -",
Singleword DMA Mode:,"Total: -, Active: -",
Ultra-DMA Mode:,"Total: 6 (ATA-133), Active: 5 (ATA-100)",
Max. Multiword DMA Transfer Rate:,16.7 MBytes/s,
Max. PIO with IORDY Transfer Rate:,16.7 MBytes/s,
Max. PIO w/o IORDY Transfer Rate:,16.7 MBytes/s,
Native Command Queuing:,"Supported, Max. Depth: 32",
TRIM Command:,"Supported (Deterministic Read After TRIM, Words = 0)",
Fixed Drive:,Present,
Removable Drive:,Not Present,
Magnetic Storage:,Present,
LBA Mode:,Supported,
DMA Mode:,Supported,
IORDY:,Supported,
IORDY Disableable:,Supported,
Write Cache:,"Present, Active",
S.M.A.R.T. Feature:,"Present, Active",
Security Feature:,"Present, Inactive",
Removable Media Feature:,"Not Present, Disabled",
Power Management:,"Present, Active",
Advanced Power Management:,"Present, Active",
Packet Interface:,"Not Present, Disabled",
Look-Ahead Buffer:,"Present, Active",
Host Protected Area:,"Not Present, Disabled",
Power-Up In Standby:,"Not Suppported, Inactive",
Automatic Acoustic Management:,"Not Suppported, Inactive",
48-bit LBA:,"Supported, Active",
Host-Initiated Link Power Management:,Not Supported,
Device-Initiated Link Power Management:,"Supported, Disabled",
In-Order Data Delivery:,Not Supported,
Hardware Feature Control:,"Supported, Disabled",
Software Settings Preservation:,"Supported, Disabled",
NCQ Autosense:,Not Supported,
Link Power State Device Sleep:,"Supported, Enabled",
Hybrid Information Feature:,Not Supported,
Rebuild Assist:,Not Supported,
Power Disable:,Not Supported,
All Write Cache Non-Volatile:,Not Supported,
Extended Number of User Addressable Sectors:,Not Supported,
CFast Specification:,Not Supported,
NCQ Priority Information:,Not Supported,
Host Automatic Partial to Slumber Transitions:,Not Supported,
Device Automatic Partial to Slumber Transitions:,Not Supported,
NCQ Streaming:,Not Supported,
NCQ Queue Management Command:,Not Supported,
DevSleep to Reduced Power State:,Not Supported,
Extended Power Conditions Feature:,Not Supported,
Sense Data Reporting Feature:,Not Supported,
Free-Fall Control Feature:,Not Supported,
Write-Read-Verify Feature:,Not Supported,
Security Feature:,Supported,
Security Status:,Disabled,
Security Locked:,Disabled,
Security Frozen:,Disabled,
Enhanced Security Erase:,Supported,
Sanitize Feature:,Supported,
Sanitize Device - Crypto Scramble:,Not Supported,
Sanitize Device - Overwrite:,Not Supported,
Sanitize Device - Block Erase:,Supported,
Sanitize Device - Antifreeze Lock:,Not Supported,
Device Encrypts All User Data:,Not Supported,
Trusted Computing:,Not Supported,
[05] Reallocated Sector Count:,"100/Always OK, Worst: 100",
[09] Power-On Hours/Cycle Count:,"100/Always OK, Worst: 100 (218 hours / 9.1 days)",
[0C] Power Cycle Count:,"100/Always OK, Worst: 100 (Data = 460,0)",
[A5] Initial Bad Block Count:,"100/Always OK, Worst: 100 (Data = 983048,0)",
[A6] Min W/E Cycle:,"100/Always OK, Worst: 100",
[A7] Max Bad Block per Die:,"100/Always OK, Worst: 100 (Data = 62,0)",
[A8] Max Erase Cycle:,"100/Always OK, Worst: 100 (Data = 1,0)",
[A9] Total Bad Block Count:,"100/Always OK, Worst: 100 (Data = 1446,0)",
[AA] Available Reserved Space/Block Count:,"100/Always OK, Worst: 100",
[AB] Program Fail Count (Total):,"100/Always OK, Worst: 100",
[AC] Erase Fail Count (Total):,"100/Always OK, Worst: 100",
[AD] Average Erase Cycle:,"100/Always OK, Worst: 100",
[AE] Unexpected Power Loss Count:,"100/Always OK, Worst: 100 (Data = 279,0)",
[B8] End-to-End Data Errors Corrected,"100/Always OK, Worst: 100",
[BB] Uncorrectable Error Count:,"100/Always OK, Worst: 100",
[BC] Command Timeout Count:,"100/Always OK, Worst: 100",
[C2] Temperature,"66/Always OK, Worst: 54 (34.0 °C)",
[C7] SATA CRC Error Count:,"100/Always OK, Worst: 100",
[E6] Percentage Total P/E Count:,"100/Always OK, Worst: 100 (Data = 1,1)",
[E8] Spare Block Remaining:,"100/4, Worst: 100 (Data = 100,0)",
[E9] Total GB Written To NAND:,"100/Always OK, Worst: 100 (Data = 351,0)",
[EA] Unknown,"100/Always OK, Worst: 100 (Data = 409,0)",
[F1] Total Host Writes:,"253/Always OK, Worst: 253 (Data = 392,0)",
[F2] Total Host Reads:,"253/Always OK, Worst: 253 (Data = 561,0)",
[F4] ECC Cumulative Threshold Events:,"0/Always OK, Worst: 100",
Drive Remaining Life,100%,
Lifetime Power-On Resets:,460,
Power-on Hours:,0,
Logical Sectors Written:,823123467,
Logical Sectors Read:,1177263848,
Number of Write Commands:,12427293,
Number of Read Commands:,26744900,
Used Endurance Indicator:,0%,
Drive Model:,SanDisk SES Device,
Drive Firmware Revision:,1012,
Device Type:,Enclosure,
SanDisk Extreme SSD,,
Host Controller:,USB Attached SCSI (UAS) Mass Storage Device,
Device Description:,SanDisk Extreme SSD,
Device Firmware Revision:,1012,
Device Type:,Disk drive,
Drive Capacity:,"1,907,729 MBytes (2000 GB)",
Drive Capacity [MB]:,1907729,
SCSI Port Number:,2,
SCSI Path ID:,0,
SCSI Target ID:,0,
SCSI Logical Unit Number:,0,
SCSI Version:,SCSI-6,
Removable Device:,Not Capable,
Tagged Command Queuing:,Supported,
Linked Commands:,Not Supported,
Synchronous Data Transfer:,Not Supported,
Relative Addressing:,Not Supported,
Asynchronous Event Notification:,Not Supported,
Self-Test Result:,OK,
Intel Cannon Lake-LP - cAVS (Audio, Voice, Speech) [D0]
Intel Cannon Lake-LP - Wireless-AC 9560 (CNVi: WiFi (sku 0)) [D0],,
Network Card:,Intel Cannon Lake-LP - Wireless-AC 9560 (CNVi: WiFi (sku 0)) [D0],
Vendor Description:,Microsoft,
MAC Address:,3C-6A-A7-B7-FB-56,
Maximum Link Speed:,144 Mbps,
Transmit Buffer Size:,9 Bytes,
Receive Buffer Size:,9 Bytes,
Hardware ID:,PCI\VEN_8086&DEV_9DF0&SUBSYS_00348086&REV_30,
Driver Manufacturer:,Intel Corporation,
Driver Description:,Intel(R) Wireless-AC 9560,
Driver Provider:,Intel,
Driver Version:,20.70.0.5,
Driver Date:,25-Jun-18,
DeviceInstanceId,PCI\VEN_8086&DEV_9DF0&SUBSYS_00348086&REV_30\3&11583659&0&A3,
Location Paths,PCIROOT(0)#PCI(1403),
Serial Ports,,
USB,,
Intel(R) USB 3.1 eXtensible Host Controller - 1.10 (Microsoft),,
Root Hub,,
[Port1] : No Device Connected,,
[Port2] : No Device Connected,,
[Port3] : No Device Connected,,
[Port4] : No Device Connected,,
[Port5] : EgisTec Touch Fingerprint Sensor,,
Device Manufacturer:,-,
Product Name:,-,
Serial Number:,-,
USB Version Supported:,1.1,
USB Device Speed:,USB 1.1 Full-speed,
Driver Description:,EgisTec Touch Fingerprint Sensor,
Hardware ID:,USB\VID_1C7A&PID_0570,
Driver Manufacturer:,Egis Technology Inc.,
Driver Description:,EgisTec Touch Fingerprint Sensor,
Driver Provider:,Egis Technology Inc.,
Driver Version:,3.5.3.16,
Driver Date:,08-Jun-18,
DeviceInstanceId,USB\VID_1C7A&PID_0570\5&3073AD6F&0&5,
Location Paths,PCIROOT(0)#PCI(1400)#USBROOT(0)#USB(5),
Device Manufacturer:,RealTek,
Product Name:,RealTek RTS5129 USB Card Reader,
Serial Number:,-,
USB Version Supported:,2,
USB Device Speed:,USB 2.0 High-speed,
Driver Description:,Realtek USB 2.0 Card Reader,
Hardware ID:,USB\VID_0BDA&PID_0129,
Driver Manufacturer:,Realtek Semiconductor Corp.,
Driver Description:,Realtek USB 2.0 Card Reader,
Driver Provider:,Realtek Semiconductor Corp.,
Driver Version:,10.0.17134.31242,
Driver Date:,10-May-18,
DeviceInstanceId,USB\VID_0BDA&PID_0129\20100201396000000,
Location Paths,PCIROOT(0)#PCI(1400)#USBROOT(0)#USB(6),
Device Manufacturer:,-,
Product Name:,-,
Serial Number:,-,
USB Version Supported:,2,
USB Device Speed:,USB 2.0 High-speed,
Driver Description:,USB Composite Device,
Hardware ID:,USB\VID_1BCF&PID_2CB0,
Driver Manufacturer:,(Standard USB Host Controller),
Driver Description:,USB Composite Device,
Driver Provider:,Microsoft,
Driver Version:,10.0.17134.1,
Driver Date:,21-Jun-06,
DeviceInstanceId,USB\VID_1BCF&PID_2CB0\5&3073AD6F&0&7,
Location Paths,PCIROOT(0)#PCI(1400)#USBROOT(0)#USB(7),
[Port9] : No Device Connected,,
[Port10] : Intel(R) Wireless Bluetooth(R),,
Device Manufacturer:,Intel,
Product Name:,-,
Serial Number:,-,
USB Version Supported:,2,
USB Device Speed:,USB 1.1 Full-speed,
Driver Description:,Intel(R) Wireless Bluetooth(R),
Hardware ID:,USB\VID_8087&PID_0AAA,
Driver Manufacturer:,Intel Corporation,
Driver Description:,Intel(R) Wireless Bluetooth(R),
Driver Provider:,Intel Corporation,
Driver Version:,20.60.0.4,
Driver Date:,04-May-18,
DeviceInstanceId,USB\VID_8087&PID_0AAA\5&3073AD6F&0&10,
Location Paths,PCIROOT(0)#PCI(1400)#USBROOT(0)#USB(10),
[Port12] : No Device Connected,,
[Port13] : No Device Connected,,
[Port14] : USB Attached SCSI (UAS) Mass Storage Device,,
Device Manufacturer:,SanDisk,
Product Name:,Extreme SSD,
Serial Number:,3.13932E+23,
USB Version Supported:,3.1,
USB Device Speed:,USB 3.1 SuperSpeedPlus,
Driver Description:,USB Attached SCSI (UAS) Mass Storage Device,
Hardware ID:,USB\VID_0781&PID_558C,
Driver Manufacturer:,USB Attached SCSI (UAS) Compatible Device,
Driver Description:,USB Attached SCSI (UAS) Mass Storage Device,
Driver Provider:,Microsoft,
Driver Version:,10.0.17134.1,
Driver Date:,21-Jun-06,
DeviceInstanceId,USB\VID_0781&PID_558C\MSFT30313932383756343032333038,
Location Paths,PCIROOT(0)#PCI(1400)#USBROOT(0)#USB(14),
[Port16] : No Device Connected,,
[Port17] : No Device Connected,,
[Port18] : No Device Connected,,
Smart Battery,,
Battery #0,,
Device Name:,AC14B7K,
Manufacturer Name:,OEM,
Serial Number:,  ,
Unique ID:,  OEMAC14B7K,
Designed Capacity:,50730 mWh,
Full Charged Capacity:,49354 mWh,
Wear Level:,2.70%,
Power Status:,Discharging ,
Current Capacity:,43808 mWh (88.8 %),
Current Voltage:,16.042 V,
Discharge Rate:,-21560 mW,
