xsdfsdf,xsdfsdf,xsdfsdf,xsdfsdf,xsdfsdf,xsdfsdf
xsdfsdf,xsdfsdf,xsdfsdf,xsdfsdf,xsdfsdf,xsdfsdf
xsdfsdf,xsdfsdf,xsdfsdf,xsdfsdf,xsdfsdf,xsdfsdf
xsdfsdf,xsdfsdf,xsdfsdf,xsdfsdf,xsdfsdf,xsdfsdf
xsdfsdf,xsdfsdf,xsdfsdf,xsdfsdf,xsdfsdf,xsdfsdf
xsdfsdf,xsdfsdf,xsdfsdf,xsdfsdf,xsdfsdf,xsdfsdf
xsdfsdf,xsdfsdf,xsdfsdf,xsdfsdf,xsdfsdf,xsdfsdf
xsdfsdf,xsdfsdf,xsdfsdf,xsdfsdf,xsdfsdf,xsdfsdf
xsdfsdf,xsdfsdf,xsdfsdf,xsdfsdf,xsdfsdf,xsdfsdf
xsdfsdf,xsdfsdf,xsdfsdf,xsdfsdf,xsdfsdf,xsdfsdf
xsdfsdf,xsdfsdf,xsdfsdf,xsdfsdf,xsdfsdf,xsdfsdf
xsdfsdf,xsdfsdf,xsdfsdf,xsdfsdf,xsdfsdf,xsdfsdf
xsdfsdf,xsdfsdf,xsdfsdf,xsdfsdf,xsdfsdf,xsdfsdf
xsdfsdf,xsdfsdf,xsdfsdf,xsdfsdf,xsdfsdf,xsdfsdf
xsdfsdf,xsdfsdf,xsdfsdf,xsdfsdf,xsdfsdf,xsdfsdf
xsdfsdf,xsdfsdf,xsdfsdf,xsdfsdf,xsdfsdf,xsdfsdf
xsdfsdf,xsdfsdf,xsdfsdf,xsdfsdf,xsdfsdf,xsdfsdf
xsdfsdf,xsdfsdf,xsdfsdf,xsdfsdf,xsdfsdf,xsdfsdf
xsdfsdf,xsdfsdf,xsdfsdf,xsdfsdf,xsdfsdf,xsdfsdf
xsdfsdf,xsdfsdf,xsdfsdf,xsdfsdf,xsdfsdf,xsdfsdf
