LAPTOP-A94GNNMC,,
,,
Computer Name:,LAPTOP-A94GNNMC,
Computer Description:,,
Computer Brand Name:,HP HP Pavilion Laptop 15-cs3xxx,
Operating System:,Microsoft Windows 10 Home (x64) Build 18362.267 (1903/May 2019 Update),
UEFI Boot:,Present,
Secure Boot:,Present,
,,
Central Processor(s),,
,,
Number Of Processor Packages (Physical):,1,
Number Of Processor Cores:,2,
Number Of Logical Processors:,4,
,,
Intel Core i3-0805G1,,
,,
Processor Name:,Intel Core i3-0805G1,
Original Processor Frequency:,1200.0 MHz,
Original Processor Frequency [MHz]:,1200,
CPU ID:,7.06E+07,
CPU Brand Name:,Intel(R) Core(TM) i3-1005G1 CPU @ 1.20GHz,
CPU Vendor:,GenuineIntel,
CPU Stepping:,D1,
CPU Code Name:,Ice Lake-U,
CPU Technology:,10 nm,
CPU QDF:,QSJB,
CPU Thermal Design Power (TDP):,15.0 W,
CPU Power Limit 4 (PL4):,85.0 W,
CPU Power Limits (Max):,"Power = Unlimited, Time = Unlimited",
CPU Power Limit 1 - Long Duration:, (19.00 W) (28.00 sec) [Unlocked],
CPU Power Limit 2 - Short Duration:, (40.00 W) (2.44 ms) [Unlocked],
Configurable TDP Level 1 (Down):,"12.00 W (Unlimited range), 900 MHz",
Current Configurable TDP Level:,Nominal [Locked],
"CPU Max. Junction Temperature (Tj,max):",100 °C,
CPU Type:,Production Unit,
CPU Platform:,BGA1526,
Microcode Update Revision:,32,
Favored Cores List:,0,
Number of CPU Cores:,2,
Number of Logical CPUs:,4,
CPU LFM (Minimum):,400.0 MHz = 4 x 100.0 MHz,
CPU HFM (Base):,1200.0 MHz = 12 x 100.0 MHz,
CPU Turbo Max:,3400.0 MHz = 34 x 100.0 MHz [Unlocked],
Turbo Ratio Limits - IA/SSE:,34x (1-2c),
"Turbo Ratio Limits - AVX2, Resolved:",34x (1-2c),
CPU Current:,1596.5 MHz = 16 x 99.8 MHz @ 0.8075 V,
LLC/Ring Maximum:,3200.0 MHz = 32.00 x 100.0 MHz,
LLC/Ring Current:,1396.9 MHz = 14.00 x 99.8 MHz @ 0.7457 V,
CPU Bus Type:,OPI,
PCI-Express Current Clock:,99.8 MHz = 1.00 x 99.8 MHz,
Voltage Offset:,Supported,
Voltage Override:,Supported,
Ratio Overclocking:,Not Supported,
Fused Ratio Limit:,34x,
OC Ratio Limit:,N/A,
Voltage Mode:,Interpolative,
Voltage Offset:,0 mV,
IccMax:,55.00 A,
Voltage Offset:,Supported,
Voltage Override:,Supported,
Ratio Overclocking:,Not Supported,
Fused Ratio Limit:,18x,
OC Ratio Limit:,N/A,
Voltage Mode:,Interpolative,
Voltage Offset:,0 mV,
IccMax:,55.00 A,
Voltage Offset:,Supported,
Voltage Override:,Supported,
Ratio Overclocking:,Not Supported,
Fused Ratio Limit:,32x,
OC Ratio Limit:,N/A,
Voltage Mode:,Interpolative,
Voltage Offset:,0 mV,
IccMax:,55.00 A,
Voltage Offset:,Supported,
Voltage Override:,Supported,
Ratio Overclocking:,Not Supported,
Fused Ratio Limit:,N/A,
OC Ratio Limit:,N/A,
Voltage Mode:,Interpolative,
Voltage Offset:,0 mV,
IccMax:,55.00 A,
L1 Cache:,"Instruction: 2 x 32 KBytes, Data: 2 x 48 KBytes",
L2 Cache:,Integrated: 2 x 512 KBytes,
L3 Cache:,4 MBytes,
Instruction TLB:,Unknown,
Data TLB:,Unknown,
FPU on Chip,Present,
Enhanced Virtual-86 Mode,Present,
I/O Breakpoints,Present,
Page Size Extensions,Present,
Time Stamp Counter,Present,
Pentium-style Model Specific Registers,Present,
Physical Address Extension,Present,
Machine Check Exception,Present,
CMPXCHG8B Instruction,Present,
APIC On Chip / PGE (AMD),Present,
Fast System Call,Present,
Memory Type Range Registers,Present,
Page Global Feature,Present,
Machine Check Architecture,Present,
CMOV Instruction,Present,
Page Attribute Table,Present,
36-bit Page Size Extensions,Present,
Processor Number,Not Present,
CLFLUSH Instruction,Present,
Debug Trace and EMON Store,Present,
Internal ACPI Support,Present,
MMX Technology,Present,
Fast FP Save/Restore (IA MMX-2),Present,
Streaming SIMD Extensions,Present,
Streaming SIMD Extensions 2,Present,
Self-Snoop,Present,
Multi-Threading Capable,Present,
Automatic Clock Control,Present,
IA-64 Processor,Not Present,
Signal Break on FERR,Present,
Virtual Machine Extensions (VMX),Present,
Safer Mode Extensions (Intel TXT),Not Present,
Streaming SIMD Extensions 3,Present,
Supplemental Streaming SIMD Extensions 3,Present,
Streaming SIMD Extensions 4.1,Present,
Streaming SIMD Extensions 4.2,Present,
AVX Support,Present,
Fused Multiply Add (FMA),Present,
Carryless Multiplication (PCLMULQDQ)/GFMUL,Present,
CMPXCHG16B Support,Present,
MOVBE Instruction,Present,
POPCNT Instruction,Present,
XSAVE/XRSTOR/XSETBV/XGETBV Instructions,Present,
XGETBV/XSETBV OS Enabled,Present,
Float16 Instructions,Present,
AES Cryptography Support,Present,
Random Number Read Instruction (RDRAND),Present,
Extended xAPIC,Present,
MONITOR/MWAIT Support,Present,
Thermal Monitor 2,Present,
Enhanced SpeedStep Technology,Present,
L1 Context ID,Not Present,
Send Task Priority Messages Disabling,Present,
Processor Context ID,Present,
Direct Cache Access,Not Present,
TSC-deadline Timer,Present,
Performance/Debug Capability MSR,Present,
IA32 Debug Interface Support,Present,
64-Bit Debug Store,Present,
CPL Qualified Debug Store,Present,
64-bit Extensions,Present,
RDTSCP and TSC_AUX Support,Present,
1 GB large page support,Present,
No Execute,Present,
SYSCALL/SYSRET Support,Present,
Bit Manipulation Instructions Set 1,Present,
Bit Manipulation Instructions Set 2,Present,
Advanced Vector Extensions 2 (AVX2),Present,
Advanced Vector Extensions 512 (AVX-512),Present,
AVX-512 Prefetch Instructions,Not Present,
AVX-512 Exponential and Reciprocal Instructions,Not Present,
AVX-512 Conflict Detection Instructions,Present,
AVX-512 Doubleword and Quadword Instructions,Present,
AVX-512 Byte and Word Instructions,Present,
AVX-512 Vector Length Extensions,Present,
AVX-512 52-bit Integer FMA Instructions,Present,
Secure Hash Algorithm (SHA) Extensions,Present,
Software Guard Extensions (SGX) Support,Present,
Supervisor Mode Execution Protection (SMEP),Present,
Supervisor Mode Access Prevention (SMAP),Present,
Hardware Lock Elision (HLE),Not Present,
Restricted Transactional Memory (RTM),Not Present,
Memory Protection Extensions (MPX),Not Present,
Read/Write FS/GS Base Instructions,Present,
Enhanced Performance String Instruction,Present,
INVPCID Instruction,Present,
RDSEED Instruction,Present,
Multi-precision Add Carry Instructions (ADX),Present,
PCOMMIT Instructions,Not Present,
CLFLUSHOPT Instructions,Present,
CLWB Instructions,Not Present,
TSC_THREAD_OFFSET,Present,
Platform Quality of Service Monitoring (PQM),Not Present,
Platform Quality of Service Enforcement (PQE),Not Present,
FPU Data Pointer updated only on x87 Exceptions,Present,
Deprecated FPU CS and FPU DS,Present,
Intel Processor Trace,Present,
PREFETCHWT1 Instruction,Not Present,
AVX-512 Vector Bit Manipulation Instructions,Present,
AVX-512 Vector Bit Manipulation Instructions 2,Present,
AVX-512 Galois Fields New Instructions,Present,
AVX-512 Vector AES,Present,
AVX-512 Vector Neural Network Instructions,Present,
AVX-512 Bit Algorithms,Present,
AVX-512 Carry-Less Multiplication Quadword (VPCLMULQDQ),Present,
AVX-512 Vector POPCNT (VPOPCNTD/VPOPCNTQ),Present,
User-Mode Instruction Prevention,Present,
Protection Keys for User-mode Pages,Present,
OS Enabled Protection Keys,Not Present,
Wait and Pause Enhancements (WAITPKG),Not Present,
Total Memory Encryption,Not Present,
Read Processor ID,Present,
Cache Line Demote,Not Present,
MOVDIRI: Direct Stores,Not Present,
MOVDIR64B: Direct Stores,Not Present,
ENQCMD: Enqueue Stores,Not Present,
SGX Launch Configuration,Present,
AVX-512 BFLOAT16 Instructions,Not Present,
Thermal Monitor 1:,"Supported, Enabled",
Thermal Monitor 2:,"Supported, Enabled",
Enhanced Intel SpeedStep (GV3):,"Supported, Enabled",
Bi-directional PROCHOT#:,Enabled,
Extended Auto-HALT State C1E:,Enabled,
MLC Streamer Prefetcher,"Supported, Enabled",
MLC Spatial Prefetcher,"Supported, Enabled",
DCU Streamer Prefetcher,"Supported, Enabled",
DCU IP Prefetcher,"Supported, Enabled",
Intel Dynamic Acceleration (IDA) Technology:,Not Supported,
Intel Dynamic FSB Switching:,Not Supported,
Intel Turbo Boost Technology:,"Supported, Enabled",
Programmable Ratio Limits:,"Supported, Disabled",
Programmable TDC/TDP Limits:,"Supported, Disabled",
Hardware Duty Cycling:,"Supported, Enabled",
NVME:,Not Supported,
DMI x4:,Supported,
DRAM ECC:,Not Supported,
VT-d:,Supported,
DMI in Gen2 Mode:,Supported,
PEG in Gen2 Mode:,Supported,
1N Mode DDR Timings:,Supported,
Camarillo Device:,Supported,
2 DIMMs per Channel:,Not Supported,
X2APIC:,Supported,
Dual Memory Channel:,Supported,
Integrated GPU:,Enabled,
DDR Overclocking:,Disabled,
Maximum Memory Size per Channel:,64 GB (unlimited),
IMGU Device:,Supported,
Northpeak Device:,Supported,
Overclocking:,Disabled,
SMT:,Supported,
Additive Graphics:,Supported,
Additive Graphics:,Enabled,
PCIe Gen 3:,Supported,
DMI Gen 3:,Supported,
HDCP:,Supported,
L Technology:,1LM,
VMD:,Not Supported,
PCIe Gen 4:,Supported,
BCLK OC Limit:,100 MHz,
DDR4:,Supported,
LPDDR4:,Supported,
Maximum Supported DDR4 Frequency:,1600 MHz,
Maximum Supported LPDDR4 Frequency:,1867 MHz,
Secure Enclave (SGX):,Supported,
SVID Status:,Enabled,
VCC VR:,"Richtek (0x2), IMVP9",
VR Thermal Sensor:,Not Supported,
Maximum Physical Address Size:,39-bit (512 GBytes),
Maximum Virtual Address Size:,48-bit (256 TBytes),
Range 80000000-100000000 (2048MB-4096MB) Type:,Uncacheable (UC),
Range 60000000-80000000 (1536MB-2048MB) Type:,Uncacheable (UC),
Range 50000000-60000000 (1280MB-1536MB) Type:,Uncacheable (UC),
Range 4C000000-50000000 (1216MB-1280MB) Type:,Uncacheable (UC),
Range 4B000000-4C000000 (1200MB-1216MB) Type:,Uncacheable (UC),
Range 2000000000-4000000000 (131072MB-262144MB) Type:,Uncacheable (UC),
Range 1000000000-2000000000 (65536MB-131072MB) Type:,Uncacheable (UC),
Range 800000000-1000000000 (32768MB-65536MB) Type:,Uncacheable (UC),
,,
Motherboard,,
,,
Computer Brand Name:,HP HP Pavilion Laptop 15-cs3xxx,
Motherboard Model:,HP 86AB,
Motherboard Chipset:,Intel 495 (Ice Lake-U PCH-LP Premium),
Motherboard Slots:,"2xPCI Express x1, 2xPCI Express x2",
PCI Express Version Supported:,v3.0,
USB Version Supported:,v3.1,
BIOS Manufacturer:,Insyde,
BIOS Date:,07/31/2019,
BIOS Version:,F.02,
UEFI BIOS:,Capable,
Super-IO/LPC Chip:,Unknown,
,,
ACPI Devices,,
,,
,,
ELAN Clickpad,,
,,
Device Name:,ELAN Clickpad,
IRQ:,12,
IRQ:,12,
,,
HP Mobile Data Protection Sensor,,
,,
Device Name:,HP Mobile Data Protection Sensor,
IRQ:,112,
IRQ:,112,
,,
Standard PS/2 Keyboard,,
,,
Device Name:,Standard PS/2 Keyboard,
I/O Port:,60,
I/O Port:,0,
I/O Port:,60,
I/O Port:,64,
IRQ:,1,
,,
Intel(R) Serial IO GPIO Host Controller - INT3455,,
,,
Device Name:,Intel(R) Serial IO GPIO Host Controller - INT3455,
Memory Location:,FD6E0000 - FD6EFFFF,
Memory Location:,FD6E0000 - FD6EFFFF,
Memory Location:,FD6D0000 - FD6DFFFF,
Memory Location:,FD6A0000 - FD6AFFFF,
Memory Location:,FD690000 - FD69FFFF,
IRQ:,14,
,,
Trusted Platform Module 2.0,,
,,
Device Name:,Trusted Platform Module 2.0,
Memory Location:,FED40000 - FED44FFF,
Memory Location:,FED40000 - FED44FFF,
,,
Programmable interrupt controller,,
,,
Device Name:,Programmable interrupt controller,
I/O Port:,0020 - 0021,
I/O Port:,0030 - 0031,
I/O Port:,00A0 - 00A1,
I/O Port:,00B0 - 00B1,
IRQ:,1114369,
IRQ:,1114369,
IRQ:,1114369,
IRQ:,1114369,
I/O Port:,0020 - 0021,
I/O Port:,0024 - 0025,
I/O Port:,0028 - 0029,
I/O Port:,002C - 002D,
I/O Port:,0030 - 0031,
I/O Port:,0034 - 0035,
I/O Port:,0038 - 0039,
I/O Port:,003C - 003D,
I/O Port:,00A0 - 00A1,
I/O Port:,00A4 - 00A5,
I/O Port:,00A8 - 00A9,
I/O Port:,00AC - 00AD,
I/O Port:,00B0 - 00B1,
I/O Port:,00B4 - 00B5,
I/O Port:,00B8 - 00B9,
I/O Port:,00BC - 00BD,
I/O Port:,04D0 - 04D1,
,,
System timer,,
,,
Device Name:,System timer,
I/O Port:,0040 - 0043,
DMA:,0,
I/O Port:,0040 - 0043,
I/O Port:,0050 - 0053,
IRQ:,0,
,,
High precision event timer,,
,,
Device Name:,High precision event timer,
Memory Location:,FED00000 - FED003FF,
Memory Location:,FED00000 - FED003FF,
,,
PCI Express Root Complex,,
,,
Device Name:,PCI Express Root Complex,
I/O Port:,0000 - FFFFFFFF,
Memory Location:,000A0000 - 000BFFFF,
I/O Port:,0000 - 0CF7,
I/O Port:,0D00 - FFFF,
Memory Location:,000A0000 - 000BFFFF,
Memory Location:,50400000 - BFFFFFFF,
,,
Motherboard resources,,
,,
Device Name:,Motherboard resources,
Memory Location:,FED10000 - FED17FFF,
Memory Location:,FED20000 - FED7FFFF,
Memory Location:,FED10000 - FED17FFF,
Memory Location:,FEDA0000 - FEDA0FFF,
Memory Location:,FEDA1000 - FEDA1FFF,
Memory Location:,C0000000 - CFFFFFFF,
Memory Location:,FED20000 - FED7FFFF,
Memory Location:,FED90000 - FED93FFF,
Memory Location:,FEE00000 - FEEFFFFF,
,,
Motherboard resources,,
,,
Device Name:,Motherboard resources,
I/O Port:,002E - 002F,
I/O Port:,65,
I/O Port:,0000 - 006F,
I/O Port:,92,
IRQ:,1114369,
IRQ:,1114369,
I/O Port:,002E - 002F,
I/O Port:,004E - 004F,
I/O Port:,61,
I/O Port:,63,
I/O Port:,65,
I/O Port:,67,
I/O Port:,70,
I/O Port:,80,
I/O Port:,92,
I/O Port:,00B2 - 00B3,
I/O Port:,0680 - 069F,
I/O Port:,164E - 164F,
I/O Port:,0068 - 006F,
,,
Motherboard resources,,
,,
Device Name:,Motherboard resources,
Memory Location:,FE038000 - FE038FFF,
Memory Location:,FE038000 - FE038FFF,
,,
Motherboard resources,,
,,
Device Name:,Motherboard resources,
I/O Port:,2000 - 20FE,
I/O Port:,2000 - 20FE,
,,
Motherboard resources,,
,,
Device Name:,Motherboard resources,
Memory Location:,FD000000 - FD68FFFF,
Memory Location:,FE200000 - FE7FFFFF,
I/O Port:,1800 - 18FE,
Memory Location:,FD000000 - FD68FFFF,
Memory Location:,FD6B0000 - FD6CFFFF,
Memory Location:,FD6F0000 - FDFFFFFF,
Memory Location:,FE000000 - FE01FFFF,
Memory Location:,FE200000 - FE7FFFFF,
Memory Location:,FF000000 - FFFFFFFF,
,,
Microsoft ACPI-Compliant Embedded Controller,,
,,
Device Name:,Microsoft ACPI-Compliant Embedded Controller,
I/O Port:,62,
I/O Port:,62,
I/O Port:,66,
,,
SMBIOS DMI,,
,,
,,
BIOS,,
,,
BIOS Vendor:,Insyde,
BIOS Version:,F.02,
BIOS Release Date:,07/31/2019,
BIOS Start Segment:,E000,
BIOS Size:,0 MBytes,
System BIOS Version:,15.2,
Embedded Controller Firmware Version:,95.15,
ISA Support:,Not Present,
MCA Support:,Not Present,
EISA Support:,Not Present,
PCI Support:,Present,
PC Card (PCMCIA) Support:,Not Present,
Plug-and-Play Support:,Not Present,
APM Support:,Not Present,
Flash BIOS:,Present,
BIOS Shadow:,Present,
VL-VESA Support:,Not Present,
ESCD Support:,Not Present,
Boot from CD:,Present,
Selectable Boot:,Present,
BIOS ROM Socketed:,Not Present,
Boot from PC Card:,Not Present,
EDD Support:,Present,
NEC PC-98 Support:,Not Present,
ACPI Support:,Present,
USB Legacy Support:,Present,
AGP Support:,Not Present,
I2O Boot Support:,Not Present,
LS-120 Boot Support:,Not Present,
ATAPI ZIP Drive Boot Support:,Not Present,
IEE1394 Boot Support:,Not Present,
Smart Battery Support:,Not Present,
BIOS Boot Specification Support:,Present,
Function key-initiated Network Service Boot Support:,Not Present,
Targeted Content Distribution Support:,Present,
UEFI Specification Support:,Present,
Virtual Machine:,Not Present,
,,
System,,
,,
System Manufacturer:,HP,
Product Name:,HP Pavilion Laptop 15-cs3xxx,
Product Version:,Type1ProductConfigId,
Product Serial Number:,5CD932BR98,
UUID:,{39444335-3233-5242-3938-F8B46AA9413E},
SKU Number:,7ZD78AS#ABA,
Family:,103C_5335KV HP Pavilion,
,,
Mainboard,,
,,
Mainboard Manufacturer:,HP,
Mainboard Name:,86AB,
Mainboard Version:,95.15,
Mainboard Serial Number:,PJLUB018JCL004,
Asset Tag:,Type2 - Board Asset Tag,
Location in chassis:,Type2 - Board Chassis Location,
,,
System Enclosure,,
,,
Manufacturer:,HP,
Case Type:,Notebook,
Version:,Chassis Version,
Serial Number:,5CD932BR98,
Asset Tag Number:,Chassis Asset Tag,
,,
Processor,,
,,
Processor Manufacturer:,Intel(R) Corporation,
Processor Version:,Intel(R) Core(TM) i3-1005G1 CPU @ 1.20GHz,
External Clock:,100 MHz,
Maximum Clock Supported:,8300 MHz,
Current Clock:,3400 MHz,
CPU Socket:,Populated,
CPU Status:,Enabled,
Processor Type:,Central Processor,
Processor Voltage:,1.0 V,
Processor Upgrade:,Unknown (1),
Socket Designation:,U3E1,
,,
L1 Cache,,
,,
Socket Designation:,L1 Cache,
Cache State:,Enabled,
Cache Location:,Internal,
Cache Type:,L1 Data,
Cache Scheme:,Write-Back,
Supported SRAM Type:,Synchronous,
Current SRAM Type:,Synchronous,
Cache Speed:,Unknown,
Error Correction Type:,Parity,
Maximum Cache Size:,96 KBytes,
Installed Cache Size:,96 KBytes,
Cache Associativity:,12-way Set-Associative,
,,
L1 Cache,,
,,
Socket Designation:,L1 Cache,
Cache State:,Enabled,
Cache Location:,Internal,
Cache Type:,L1 Instruction,
Cache Scheme:,Write-Back,
Supported SRAM Type:,Synchronous,
Current SRAM Type:,Synchronous,
Cache Speed:,Unknown,
Error Correction Type:,Parity,
Maximum Cache Size:,64 KBytes,
Installed Cache Size:,64 KBytes,
Cache Associativity:,8-way Set-Associative,
,,
L2 Cache,,
,,
Socket Designation:,L2 Cache,
Cache State:,Enabled,
Cache Location:,Internal,
Cache Type:,L2 Unified,
Cache Scheme:,Write-Back,
Supported SRAM Type:,Synchronous,
Current SRAM Type:,Synchronous,
Cache Speed:,Unknown,
Error Correction Type:,Single-bit ECC,
Maximum Cache Size:,1024 KBytes,
Installed Cache Size:,1024 KBytes,
Cache Associativity:,8-way Set-Associative,
,,
L3 Cache,,
,,
Socket Designation:,L3 Cache,
Cache State:,Enabled,
Cache Location:,Internal,
Cache Type:,L3 Unified,
Cache Scheme:,Write-Back,
Supported SRAM Type:,Synchronous,
Current SRAM Type:,Synchronous,
Cache Speed:,Unknown,
Error Correction Type:,Multi-bit ECC,
Maximum Cache Size:,4096 KBytes,
Installed Cache Size:,4096 KBytes,
Cache Associativity:,16-way Set-Associative,
,,
OEM Strings,,
,,
,,
,,
,,
,,
,,
,,
,,
,,
,,
,,
,,
,,
System Configuration Options,,
,,
,,
,,
,,
,,
,,
,,
,,
,,
,,
BIOS Language,,
,,
,,
,,
,,
,,
,,
,,
Group Associations,,
,,
,,
Group Associations,,
,,
,,
Group Associations,,
,,
,,
System Event Log,,
,,
,,
Built-in Pointing Device,,
,,
Device Type:,Touch Pad,
Interface Type:,PS/2,
Number of Buttons:,4,
,,
Portable Battery,,
,,
Battery Location:,Primary,
Battery Manufacturer:,333-54-5D-A,
Manufacture Date:,ManufDate,
Serial Number:,DummySerialNumber,
Device Name:,HT03041XL,
Device Chemistry:,Unknown,
Design Capacity:,41753 mWh,
Design Voltage:,11550 mV,
SBDS Verison Number:,1.1,
Max. Error in Battery Data:,7,
SBDS Serial Number:,38187,
SBDS Manufacture Date:,07/03/1935,
SBDS Device Chemistry:,LION,
,,
Hardware Security,,
,,
Power-on Password:,Not implemented,
Keyboard Password:,Not implemented,
Administrator Password:,Disabled,
Front Panel Reset:,Not implemented,
,,
Voltage Probe,,
,,
Description:,Voltage Probe Description,
Location:,Unknown,
Status:,Unknown,
Maximum Value:,Unknown,
Minimum Value:,Unknown,
Resolution:,Unknown,
Tolerance:,Unknown,
Accuracy:,Unknown,
,,
Cooling Device,,
,,
Type:,Fan,
Description:,Cooling Device Description,
Status:,OK,
Nominal Speed:,8192 RPM,
,,
Temperature Probe,,
,,
Description:,Temperature Probe Description,
Location:,Unknown,
Status:,Unknown,
Maximum Value:,Unknown,
Minimum Value:,Unknown,
Resolution:,Unknown,
Tolerance:,Unknown,
Accuracy:,Unknown,
,,
System Boot Information,,
,,
Boot Status:,No error occured,
,,
System Power Supply,,
,,
Location:,OEM Define 0,
Device Name:,OEM Define 1,
Manufacturer:,OEM Define 2,
Serial Number:,OEM Define 3,
Asset Tag Number:,OEM Define 4,
Model Part Number:,OEM Define 5,
Revision Level:,OEM Define 6,
Max Power Capacity:,75 mW,
Power Supply Status:,Not Present,
Power Supply Type:,Regulator,
Power Status:,OK,
Hot replaceable:,No,
Unplugged from wall:,Yes,
,,
Additional Information,,
,,
,,
,,
,,
On Board Device,,
,,
Device Description:,Intel Wireless-AC 9461 802.11 ac Dual Band 2x2 WiFi + BT 5 ,
Device Type:,Unknown,
Device Status:,Enabled,
,,
On Board Device,,
,,
Device Description:,Realtek PCIe GBE Family Controller,
Device Type:,Ethernet Adapter,
Device Status:,Enabled,
,,
TPM,,
,,
TPM Specification Version:,2,
TPM Vendor:,Intel,
TPM Description:,"TPM 2.0, ManufacturerID: INTC, Firmware Version: 0x01F40005.0x0",
,,
Intel ASF,,
,,
Intel ASF Status:,Enabled,
,,
Intel AMT,,
,,
Intel AMT Support:,Supported,
Intel AMT Status:,Enabled,
IDE-R Status:,Enabled,
SOL Status:,Enabled,
Network Interface:,Enabled,
,,
Intel vPro,,
,,
CPU VT-x Support:,Supported,
CPU VT-x Status:,Enabled,
CPU VT-x2 Support:,Not Supported,
CPU VT-x2 Status:,Disabled,
CPU TXT Support:,Not Supported,
CPU TXT Status:,Disabled,
CPU VMX Status:,Enabled,
CPU SMX Status:,Disabled,
Intel ME Status:,Enabled,
Intel OST Firmware Support:,Not Supported,
Intel ASF Firmware Support:,Not Supported,
Intel AMT Pro Firmware Support:,Not Supported,
Intel AMT Basic Firmware Support:,Not Supported,
Intel TPM Firmware Support:,Not Supported,
Intel Castle Peak Support:,Not Supported,
Intel WoX Support:,Not Supported,
Intel Virtualization Engine Support:,Not Supported,
Intel Anti-Theft Technology Support:,Not Supported,
TPM On-board:,Not Supported,
Intel Anti-Theft Technology Enrolled:,Not Supported,
Intel ME Version:,"v13.0, Build 1085, Hotfix 0",
BIOS VT-x Support:,Not Supported,
BIOS VT-d Support:,Supported,
BIOS TXT Support:,Supported,
BIOS TPM Support:,Not Supported,
BIOS ME Support:,Not Supported,
BIOS VA Extensions Support:,Supported,
Intel AT PBA For Recovery Support:,Not Supported,
Intel AT WWAN Support:,Not Supported,
,,
Memory Devices,,
,,
,,
Physical Memory Array,,
,,
Array Location:,System board,
Array Use:,System memory,
Error Detecting Method:,None,
Memory Capacity:,32 GBytes,
Memory Devices:,2,
,,
Memory Device,,
,,
Total Width:,0 bits,
Data Width:,0 bits,
Device Size:,0 MBytes,
Device Form Factor:,SODIMM,
Device Locator:,Bottom-slot 1(left),
Bank Locator:,BANK 0,
Device Type:,DDR SDRAM,
Device Type Detail:,Synchronous,
Manufacturer:,Unknown,
Serial Number:,Unknown,
Part Number:,Unknown,
Asset Tag:,Unknown,
,,
Memory Device,,
,,
Total Width:,64 bits,
Data Width:,64 bits,
Device Size:,8192 MBytes,
Device Form Factor:,SODIMM,
Device Locator:,Bottom-slot 2(right),
Bank Locator:,BANK 2,
Device Type:,DDR4,
Device Type Detail:,Synchronous,
Memory Speed:,2667 MHz,
Manufacturer:,Micron,
Serial Number:,F015E7E6,
Part Number:,8ATF1G64HZ-2G6E1    ,
Asset Tag:,9876543210,
,,
Memory Array Mapped Address,,
,,
Starting Address:,0,
Ending Address:,007FFFFF,
Partition Width:,1,
,,
Memory Device Mapped Address,,
,,
Starting Address:,0,
Ending Address:,007FFFFF,
Partition Row Position:,1,
Interleave Position:,2,
Interleave Data Depth:,1,
,,
Port Connectors,,
,,
,,
USB,,
,,
Port Type:,USB,
Internal Reference:,J3A1,
Internal Connector Type:,None,
External Reference:,USB,
External Connector Type:,Access Bus (USB),
,,
USB,,
,,
Port Type:,USB,
Internal Reference:,J3A1,
Internal Connector Type:,None,
External Reference:,USB,
External Connector Type:,Access Bus (USB),
,,
USB,,
,,
Port Type:,USB,
Internal Reference:,USB 3.1,
Internal Connector Type:,None,
External Reference:,USB TYPE C,
External Connector Type:,Access Bus (USB),
,,
Audio Port,,
,,
Port Type:,Audio Port,
Internal Reference:,J30,
Internal Connector Type:,None,
External Reference:,Microphone In,
External Connector Type:,Mini-jack (headphones),
,,
Audio Port,,
,,
Port Type:,Audio Port,
Internal Reference:,J30,
Internal Connector Type:,None,
External Reference:,Speaker Out,
External Connector Type:,Mini-jack (headphones),
,,
SATA,,
,,
Port Type:,SATA,
Internal Reference:,Ctrl0Port0,
Internal Connector Type:,SAS/SATA Plug Receptacle,
External Reference:,Primary HDD Bay*,
External Connector Type:,SAS/SATA Plug Receptacle,
,,
SATA,,
,,
Port Type:,SATA,
Internal Reference:,Ctrl0Port1,
Internal Connector Type:,SAS/SATA Plug Receptacle,
External Reference:,Secondary HDD Bay*,
External Connector Type:,SAS/SATA Plug Receptacle,
,,
System Slots,,
,,
,,
PCI Express Slot 3,,
,,
Slot Designation:,PCI Express Slot 3,
Slot Type:,PCI Express x1,
Slot Usage:,Empty,
Slot Data Bus Width:,1x / x1,
Slot Length:,Unknown,
,,
Intel ME,,
,,
ME Current Working State:,Normal,
Manufacturing Mode:,Not Active,
ME Current Operation Mode:,Normal,
Boot Guard Status:,Enabled,
Boot Guard Verified Boot Policy:,Disabled,
Boot Guard Measured Boot Policy:,Disabled,
Intel ME Version:,"13.0, Build 1085",
Intel ME Recovery Image Version:,"13.0, Build 1085",
Intel ME FITC Version:,"13.0, Build 1085",
Full Network Manageability:,Not Capable,
Standard Network Manageability:,Not Capable,
Manageability (AMT):,Not Capable,
Small Business Advantage:,Not Capable,
Intel Integrated Touch:,Not Capable,
Intel Anti-Theft:,Not Capable,
Capability Licensing Service:,Capable,
Virtualization Engine:,Not Capable,
Intel Sensor Hub (ISH):,Not Capable,
ICC Over Clocking:,Not Capable,
Protected Audio Video Path (PAVP):,Capable,
Network Frame Forwarder (NFF):,Not Capable,
Remote PC Assist (RPAT):,Not Capable,
IPV6:,Not Capable,
KVM Remote Control:,Not Capable,
Outbreak Containment Heuristic (OCH):,Not Capable,
Dynamic Application Loader (DAL):,Capable,
Cipher Transport Layer (TLS):,Not Capable,
Wireless LAN (WLAN):,Not Capable,
Platform Trust Technology (PTT):,Capable,
Near Field Communication (NFC):,Not Capable,
Full Network Manageability:,Disabled,
Standard Network Manageability:,Disabled,
Manageability (AMT):,Disabled,
Small Business Advantage:,Not Capable,
MEI3:,Not Capable,
Intel Anti-Theft:,Disabled,
Capability Licensing Service:,Enabled,
Virtualization Engine:,Disabled,
Intel Sensor Hub (ISH):,Disabled,
ICC Over Clocking:,Disabled,
Protected Audio Video Path (PAVP):,Enabled,
Network Frame Forwarder (NFF):,Not Capable,
Remote PC Assist (RPAT):,Disabled,
IPV6:,Disabled,
KVM Remote Control:,Disabled,
Outbreak Containment Heuristic (OCH):,Disabled,
Dynamic Application Loader (DAL):,Capable,
Cipher Transport Layer (TLS):,Disabled,
Wireless LAN (WLAN):,Disabled,
Platform Trust Technology (PTT):,Enabled,
Near Field Communication (NFC):,Disabled,
Platform Target Usage Type:,Mobile,
SKU:,Regular SKU,
ME Firmware Image Type:,Consumer SKU Firmware,
Platform Brand:,None,
Host ME Region Flash Protection Override (HMRFPO) Status:,Locked,
,,
Memory,,
,,
Total Memory Size:,8 GBytes,
Total Memory Size [MB]:,8192,
Maximum Supported Memory Clock:,1866.7 MHz,
Current Memory Clock:,665.2 MHz,
Current Timing (tCAS-tRCD-tRP-tRAS):,19-19-19-43,
Memory Channels Supported:,2,
Memory Channels Active:,1,
Command Rate:,1T,
Read to Read Delay (tRD_RD) Same Rank:,8T,
Read to Read Delay (tRD_RD) Different Rank:,4T,
Read to Read Delay (tRD_RD) Different DIMM:,10T,
Write to Write Delay (tWR_WR) Same Rank:,8T,
Write to Write Delay (tWR_WR) Different Rank:,4T,
Write to Write Delay (tWR_WR) Different DIMM:,8T,
Read to Write Delay (tRD_WR) Same Rank:,10T,
Read to Write Delay (tRD_WR) Different Rank:,10T,
Read to Write Delay (tRD_WR) Different DIMM:,12T,
Write to Read Delay (tWR_RD) Same Rank (tWTR):,34T,
Write to Read Delay (tWR_RD) Different Rank:,28T,
Write to Read Delay (tWR_RD) Different DIMM:,6T,
RAS# to RAS# Delay (tRRD):,7T,
Refresh Cycle Time (tRFC):,467T,
Four Activate Window (tFAW):,28T,
,,
Row: 2 - 8 GB PC4-21300 DDR4 SDRAM Micron Tech. 8ATF1G64HZ-2G6E1,,
,,
Module Number:,2,
Module Size:,8 GBytes,
Memory Type:,DDR4 SDRAM,
Module Type:,SO-DIMM,
Memory Speed:,1333.3 MHz (DDR4-2666 / PC4-21300),
Module Manufacturer:,Micron Tech.,
Module Part Number:,8ATF1G64HZ-2G6E1,
Module Revision:,3.1,
Module Serial Number:,3873904112,
Module Manufacturing Date:,"Year: 2019, Week: 3",
Module Manufacturing Location:,37,
SDRAM Manufacturer:,Micron Tech.,
DRAM Steppping:,4.5,
Error Check/Correction:,None,
Row Address Bits:,16,
Column Address Bits:,10,
Module Density:,8192 Mb,
Number Of Ranks:,1,
Device Width:,8 bits,
Bus Width:,64 bits,
Die Count:,1,
Module Nominal Voltage (VDD):,1.2 V,
Minimum SDRAM Cycle Time (tCKAVGmin):,0.75000 ns,
Maximum SDRAM Cycle Time (tCKAVGmax):,1.60000 ns,
CAS# Latencies Supported:,"10, 11, 12, 13, 14, 15, 16, 17, 18, 19, 20, 21, 22, 23",
Minimum CAS# Latency Time (tAAmin):,13.750 ns,
Minimum RAS# to CAS# Delay (tRCDmin):,13.750 ns,
Minimum Row Precharge Time (tRPmin):,13.750 ns,
Minimum Active to Precharge Time (tRASmin):,32.000 ns,
Supported Module Timing at 1333.3 MHz:,19-19-19-43,
Supported Module Timing at 1200.0 MHz:,17-17-17-39,
Supported Module Timing at 1066.7 MHz:,15-15-15-35,
Supported Module Timing at 933.3 MHz:,13-13-13-30,
Supported Module Timing at 800.0 MHz:,11-11-11-26,
Supported Module Timing at 666.7 MHz:,10-10-10-22,
Minimum Active to Active/Refresh Time (tRCmin):,45.750 ns,
Minimum Refresh Recovery Time Delay (tRFC1min):,350.000 ns,
Minimum Refresh Recovery Time Delay (tRFC2min):,260.000 ns,
Minimum Refresh Recovery Time Delay (tRFC4min):,160.000 ns,
Minimum Four Activate Window Delay Time (tFAWmin):,21.000 ns,
Minimum Active to Active Delay Time - Different Bank Group (tRRD_Smin):,3.000 ns,
Minimum Active to Active Delay Time - Same Bank Group (tRRD_Lmin):,4.900 ns,
Minimum CAS to CAS Delay Time - Same Bank Group (tCCD_Lmin):,5.000 ns,
Module Temperature Sensor (TSOD):,Not Supported,
Module Nominal Height:,29 - 30 mm,
Module Maximum Thickness (Front):,1 - 2 mm,
Module Maximum Thickness (Back):,1 - 2 mm,
Address Mapping from Edge Connector to DRAM:,Standard,
,,
Bus,,
,,
,,
PCI Bus #0,,
,,
,,
Intel Ice Lake-U - Host Bridge/DRAM Controller [D0],,
,,
Device Name:,Intel Ice Lake-U - Host Bridge/DRAM Controller [D0],
Original Device Name:,Intel Ice Lake-U - Host Bridge/DRAM Controller [D0],
Device Class:,Host-to-PCI Bridge,
Revision ID:,3 [D0],
PCI Address (Bus:Device:Function) Number:,00:00:00,
PCI Latency Timer:,0,
Hardware ID:,PCI\VEN_8086&DEV_8A02&SUBSYS_86AB103C&REV_03,
Interrupt Line:,N/A,
Interrupt Pin:,N/A,
Bus Mastering:,Enabled,
Running At 66 MHz:,Not Capable,
Fast Back-to-Back Transactions:,Capable,
Driver Manufacturer:,(Standard system devices),
Driver Description:,PCI standard host CPU bridge,
Driver Provider:,Microsoft,
Driver Version:,10.0.18362.267,
Driver Date:,21-Jun-06,
DeviceInstanceId,PCI\VEN_8086&DEV_8A02&SUBSYS_86AB103C&REV_03\3&11583659&2&00,
Location Paths,PCIROOT(0)#PCI(0000),
,,
Intel Ice Lake-U GT2 32EU LM - Integrated Graphics Controller,,
,,
Device Name:,Intel Ice Lake-U GT2 32EU LM - Integrated Graphics Controller,
Original Device Name:,Intel Ice Lake-U GT2 32EU LM - Integrated Graphics Controller,
Device Class:,VGA Compatible Adapter,
Revision ID:,7,
PCI Address (Bus:Device:Function) Number:,00:02:00,
PCI Latency Timer:,0,
Hardware ID:,PCI\VEN_8086&DEV_8A56&SUBSYS_86AB103C&REV_07,
Version:,1.1,
Current Link Width:,Not negotiated,
Device/Port Type:,Root Complex Integrated Endpoint,
Slot Implemented:,No,
Emergency Power Reduction:,Not Supported,
Active State Power Management (ASPM) Support:,None,
Active State Power Management (ASPM) Status:,Disabled,
L0s Exit Latency:,< 64 ns,
L1 Exit Latency:,< 1 us,
Maximum Payload Size Supported:,128 bytes,
Maximum Payload Size:,128 bytes,
Interrupt Line:,N/A,
Interrupt Pin:,INTA#,
Memory Base Address 0,6004000000,
Memory Base Address 2,4000000000,
I/O Base Address 4,7000,
Bus Mastering:,Enabled,
Running At 66 MHz:,Not Capable,
Fast Back-to-Back Transactions:,Not Capable,
Driver Manufacturer:,Intel Corporation,
Driver Description:,Intel(R) UHD Graphics,
Driver Provider:,Intel Corporation,
Driver Version:,25.20.100.7007,
Driver Date:,05-Jul-19,
DCH/UWD Driver:,Capable,
DeviceInstanceId,PCI\VEN_8086&DEV_8A56&SUBSYS_86AB103C&REV_07\3&11583659&2&10,
Location Paths,PCIROOT(0)#PCI(0200),
,,
Intel Ice Lake - Dynamic Platform & Thermal Framework Processor Participant,,
,,
Device Name:,Intel Ice Lake - Dynamic Platform & Thermal Framework Processor Participant,
Original Device Name:,Intel Ice Lake - Dynamic Platform & Thermal Framework Processor Participant,
Device Class:,Other Data Acquisition/Signal Processing Controller,
Revision ID:,3,
PCI Address (Bus:Device:Function) Number:,00:04:00,
PCI Latency Timer:,0,
Hardware ID:,PCI\VEN_8086&DEV_8A03&SUBSYS_86AB103C&REV_03,
Interrupt Line:,IRQ16,
Interrupt Pin:,INTA#,
Memory Base Address 0,6005100000,
Bus Mastering:,Enabled,
Running At 66 MHz:,Not Capable,
Fast Back-to-Back Transactions:,Capable,
Driver Manufacturer:,Intel,
Driver Description:,Intel(R) Dynamic Tuning Processor Participant,
Driver Provider:,Intel,
Driver Version:,8.6.10401.9906,
Driver Date:,14-Jun-19,
DeviceInstanceId,PCI\VEN_8086&DEV_8A03&SUBSYS_86AB103C&REV_03\3&11583659&2&20,
Location Paths,PCIROOT(0)#PCI(0400),
,,
Intel Ice Lake-U/Y PCH-LP - USB 3.2 Gen 2x1 (10 Gb/s) xHCI Host Controller [D0],,
,,
Device Name:,Intel Ice Lake-U/Y PCH-LP - USB 3.2 Gen 2x1 (10 Gb/s) xHCI Host Controller [D0],
Original Device Name:,Intel Ice Lake-U/Y PCH-LP - USB 3.2 Gen 2x1 (10 Gb/s) xHCI Host Controller [D0],
Device Class:,USB xHCI Controller,
Revision ID:,30 [D0],
PCI Address (Bus:Device:Function) Number:,00:20:00,
PCI Latency Timer:,0,
Hardware ID:,PCI\VEN_8086&DEV_34ED&SUBSYS_86AB103C&REV_30,
Interrupt Line:,N/A,
Interrupt Pin:,INTA#,
Memory Base Address 0,55000000,
Bus Mastering:,Enabled,
Running At 66 MHz:,Not Capable,
Fast Back-to-Back Transactions:,Capable,
USB Version Supported:,3.1,
Driver Manufacturer:,Generic USB xHCI Host Controller,
Driver Description:,USB xHCI Compliant Host Controller,
Driver Provider:,Microsoft,
Driver Version:,10.0.18362.207,
Driver Date:,19-Jun-19,
DeviceInstanceId,PCI\VEN_8086&DEV_34ED&SUBSYS_86AB103C&REV_30\3&11583659&2&A0,
Location Paths,PCIROOT(0)#PCI(1400),
,,
USB Root Hub,,
,,
,,
[Port1] : No Device Connected,,
,,
,,
[Port2] : No Device Connected,,
,,
,,
[Port3] : USB Composite Device,,
,,
Device Manufacturer:,Chicony,
Product Name:,-,
Serial Number:,-,
USB Version Supported:,2.01,
USB Device Speed:,USB 2.0 High-speed,
Driver Description:,USB Composite Device,
Hardware ID:,USB\VID_04F2&PID_B634,
Driver Manufacturer:,(Standard USB Host Controller),
Driver Description:,USB Composite Device,
Driver Provider:,Microsoft,
Driver Version:,10.0.18362.1,
Driver Date:,21-Jun-06,
DeviceInstanceId,USB\VID_04F2&PID_B634\1,
Location Paths,PCIROOT(0)#PCI(1400)#USBROOT(0)#USB(3),
,,
[Port4] : No Device Connected,,
,,
,,
[Port5] : No Device Connected,,
,,
,,
[Port6] : No Device Connected,,
,,
,,
[Port7] : No Device Connected,,
,,
,,
[Port8] : USB Input Device,,
,,
Device Manufacturer:,D-WAV Scientific,
Product Name:,-,
Serial Number:,-,
USB Version Supported:,2,
USB Device Speed:,USB 1.1 Full-speed,
Driver Description:,USB Input Device,
Hardware ID:,USB\VID_0EEF&PID_C0AE,
Driver Manufacturer:,(Standard system devices),
Driver Description:,USB Input Device,
Driver Provider:,Microsoft,
Driver Version:,10.0.18362.175,
Driver Date:,21-Jun-06,
DeviceInstanceId,USB\VID_0EEF&PID_C0AE\5&2A3BC1ED&0&8,
Location Paths,PCIROOT(0)#PCI(1400)#USBROOT(0)#USB(8),
,,
[Port9] : No Device Connected,,
,,
,,
[Port10] : Intel(R) Wireless Bluetooth(R),,
,,
Device Manufacturer:,Intel,
Product Name:,-,
Serial Number:,-,
USB Version Supported:,2,
USB Device Speed:,USB 1.1 Full-speed,
Driver Description:,Intel(R) Wireless Bluetooth(R),
Hardware ID:,USB\VID_8087&PID_0AAA,
Driver Manufacturer:,Intel Corporation,
Driver Description:,Intel(R) Wireless Bluetooth(R),
Driver Provider:,Intel Corporation,
Driver Version:,21.20.0.4,
Driver Date:,23-May-19,
DeviceInstanceId,USB\VID_8087&PID_0AAA\5&2A3BC1ED&0&10,
Location Paths,PCIROOT(0)#PCI(1400)#USBROOT(0)#USB(10),
,,
[Port11] : No Device Connected,,
,,
,,
[Port12] : No Device Connected,,
,,
,,
[Port13] : USB Mass Storage Device,,
,,
Device Manufacturer:,SanDisk,
Product Name:,Ultra USB 3.0,
Serial Number:,4C530000320215119401,
USB Version Supported:,3,
USB Device Speed:,USB 3.0 SuperSpeed,
Driver Description:,USB Mass Storage Device,
Hardware ID:,USB\VID_0781&PID_5595,
Driver Manufacturer:,Compatible USB storage device,
Driver Description:,USB Mass Storage Device,
Driver Provider:,Microsoft,
Driver Version:,10.0.18362.1,
Driver Date:,21-Jun-06,
DeviceInstanceId,USB\VID_0781&PID_5595\4C530000320215119401,
Location Paths,PCIROOT(0)#PCI(1400)#USBROOT(0)#USB(13),
,,
[Port14] : No Device Connected,,
,,
,,
[Port15] : No Device Connected,,
,,
,,
[Port16] : No Device Connected,,
,,
,,
[Port17] : No Device Connected,,
,,
,,
[Port18] : No Device Connected,,
,,
,,
Intel Ice Lake-U/Y PCH-LP - Shared SRAM [D0],,
,,
Device Name:,Intel Ice Lake-U/Y PCH-LP - Shared SRAM [D0],
Original Device Name:,Intel Ice Lake-U/Y PCH-LP - Shared SRAM [D0],
Device Class:,RAM/Memory Controller,
Revision ID:,30 [D0],
PCI Address (Bus:Device:Function) Number:,00:20:02,
PCI Latency Timer:,0,
Hardware ID:,PCI\VEN_8086&DEV_34EF&SUBSYS_86AB103C&REV_30,
Interrupt Line:,N/A,
Interrupt Pin:,N/A,
Memory Base Address 0,6005118000,
Memory Base Address 2,6005120000,
Bus Mastering:,Enabled,
Running At 66 MHz:,Not Capable,
Fast Back-to-Back Transactions:,Not Capable,
Driver Manufacturer:,(Standard system devices),
Driver Description:,PCI standard RAM Controller,
Driver Provider:,Microsoft,
Driver Version:,10.0.18362.267,
Driver Date:,21-Jun-06,
DeviceInstanceId,PCI\VEN_8086&DEV_34EF&SUBSYS_86AB103C&REV_30\3&11583659&2&A2,
Location Paths,PCIROOT(0)#PCI(1402),
,,
Intel Ice Lake-U/Y PCH-LP - Wi-Fi [D0],,
,,
Device Name:,Intel Ice Lake-U/Y PCH-LP - Wi-Fi [D0],
Original Device Name:,Intel Ice Lake-U/Y PCH-LP - Wi-Fi [D0],
Device Class:,Other Network Adapter,
Revision ID:,30 [D0],
PCI Address (Bus:Device:Function) Number:,00:20:03,
PCI Latency Timer:,0,
Hardware ID:,PCI\VEN_8086&DEV_34F0&SUBSYS_02648086&REV_30,
Version:,1.1,
Current Link Width:,Not negotiated,
Device/Port Type:,Root Complex Integrated Endpoint,
Slot Implemented:,No,
Emergency Power Reduction:,Not Supported,
Active State Power Management (ASPM) Support:,None,
Active State Power Management (ASPM) Status:,Disabled,
L0s Exit Latency:,< 64 ns,
L1 Exit Latency:,< 1 us,
Maximum Payload Size Supported:,128 bytes,
Maximum Payload Size:,128 bytes,
Interrupt Line:,N/A,
Interrupt Pin:,INTA#,
Memory Base Address 0,6005114000,
Bus Mastering:,Enabled,
Running At 66 MHz:,Not Capable,
Fast Back-to-Back Transactions:,Not Capable,
Driver Manufacturer:,Intel Corporation,
Driver Description:,Intel(R) Wireless-AC 9461,
Driver Provider:,Intel,
Driver Version:,21.30.3.2,
Driver Date:,07-Jul-19,
DeviceInstanceId,PCI\VEN_8086&DEV_34F0&SUBSYS_02648086&REV_30\3&11583659&2&A3,
Location Paths,PCIROOT(0)#PCI(1403),
,,
Intel Ice Lake-U/Y PCH-LP - I2C Controller #0 [D0],,
,,
Device Name:,Intel Ice Lake-U/Y PCH-LP - I2C Controller #0 [D0],
Original Device Name:,Intel Ice Lake-U/Y PCH-LP - I2C Controller #0 [D0],
Device Class:,Other Serial Bus Controller,
Revision ID:,30 [D0],
PCI Address (Bus:Device:Function) Number:,00:21:00,
PCI Latency Timer:,0,
Hardware ID:,PCI\VEN_8086&DEV_34E8&SUBSYS_86AB103C&REV_30,
Interrupt Line:,IRQ16,
Interrupt Pin:,INTA#,
Memory Base Address 0,0,
Bus Mastering:,Disabled,
Running At 66 MHz:,Not Capable,
Fast Back-to-Back Transactions:,Not Capable,
Driver Manufacturer:,Intel Corporation,
Driver Description:,Intel(R) Serial IO I2C Host Controller - 34E8,
Driver Provider:,Intel Corporation,
Driver Version:,30.100.1916.1,
Driver Date:,15-Apr-19,
DeviceInstanceId,PCI\VEN_8086&DEV_34E8&SUBSYS_86AB103C&REV_30\3&11583659&2&A8,
Location Paths,PCIROOT(0)#PCI(1500),
,,
Intel Ice Lake-U/Y PCH-LP - I2C Controller #1 [D0],,
,,
Device Name:,Intel Ice Lake-U/Y PCH-LP - I2C Controller #1 [D0],
Original Device Name:,Intel Ice Lake-U/Y PCH-LP - I2C Controller #1 [D0],
Device Class:,Other Serial Bus Controller,
Revision ID:,30 [D0],
PCI Address (Bus:Device:Function) Number:,00:21:01,
PCI Latency Timer:,0,
Hardware ID:,PCI\VEN_8086&DEV_34E9&SUBSYS_86AB103C&REV_30,
Interrupt Line:,IRQ17,
Interrupt Pin:,INTB#,
Memory Base Address 0,0,
Bus Mastering:,Disabled,
Running At 66 MHz:,Not Capable,
Fast Back-to-Back Transactions:,Not Capable,
Driver Manufacturer:,Intel Corporation,
Driver Description:,Intel(R) Serial IO I2C Host Controller - 34E9,
Driver Provider:,Intel Corporation,
Driver Version:,30.100.1916.1,
Driver Date:,15-Apr-19,
DeviceInstanceId,PCI\VEN_8086&DEV_34E9&SUBSYS_86AB103C&REV_30\3&11583659&2&A9,
Location Paths,PCIROOT(0)#PCI(1501),
,,
Intel Ice Lake-U/Y PCH-LP - Intel ME: HECI #1 [D0],,
,,
Device Name:,Intel Ice Lake-U/Y PCH-LP - Intel ME: HECI #1 [D0],
Original Device Name:,Intel Ice Lake-U/Y PCH-LP - Intel ME: HECI #1 [D0],
Device Class:,Other Communication Device,
Revision ID:,30 [D0],
PCI Address (Bus:Device:Function) Number:,00:22:00,
PCI Latency Timer:,0,
Hardware ID:,PCI\VEN_8086&DEV_34E0&SUBSYS_86AB103C&REV_30,
Interrupt Line:,N/A,
Interrupt Pin:,INTA#,
Memory Base Address 0,7FFFEF9000,
Bus Mastering:,Enabled,
Running At 66 MHz:,Not Capable,
Fast Back-to-Back Transactions:,Not Capable,
Driver Manufacturer:,Intel,
Driver Description:,Intel(R) Management Engine Interface ,
Driver Provider:,Intel,
Driver Version:,1910.13.0.1060,
Driver Date:,04-Mar-19,
DeviceInstanceId,PCI\VEN_8086&DEV_34E0&SUBSYS_86AB103C&REV_30\3&11583659&2&B0,
Location Paths,PCIROOT(0)#PCI(1600),
,,
Intel HM170/QM170 PCH - SATA RAID (RST) Controller [D0],,
,,
Device Name:,Intel HM170/QM170 PCH - SATA RAID (RST) Controller [D0],
Original Device Name:,Intel HM170/QM170 PCH - SATA RAID (RST) Controller [D0],
Device Class:,RAID controller,
Revision ID:,30 [D0],
PCI Address (Bus:Device:Function) Number:,00:23:00,
PCI Latency Timer:,0,
Hardware ID:,PCI\VEN_8086&DEV_282A&SUBSYS_86AB103C&REV_30,
Interrupt Line:,N/A,
Interrupt Pin:,INTA#,
Memory Base Address 0,55010000,
Memory Base Address 1,55014000,
I/O Base Address 2,7080,
I/O Base Address 3,7088,
I/O Base Address 4,7060,
Memory Base Address 5,55013000,
Bus Mastering:,Enabled,
Running At 66 MHz:,Capable,
Fast Back-to-Back Transactions:,Capable,
Interface Speed Supported:,Gen3 6.0 Gbps,
Number Of Ports:,2,
External SATA Support:,Not Capable,
Aggressive Link Power Management:,Capable,
Staggered Spin-up:,Not Capable,
Mechanical Presence Switch:,Not Capable,
Command Queue Acceleration:,Capable,
64-bit Addressing:,Capable,
AHCI Status:,Enabled,
AHCI Version:,1.31,
Ports Implemented:,0,
Port Status:,Phy in offline mode,
External SATA Port:,Not Capable,
Hot Plug:,Not Capable,
Driver Manufacturer:,Intel Corporation,
Driver Description:,Intel(R) Chipset SATA/PCIe RST Premium Controller,
Driver Provider:,Intel Corporation,
Driver Version:,17.5.2.1024,
Driver Date:,08-Jul-19,
DeviceInstanceId,PCI\VEN_8086&DEV_282A&SUBSYS_86AB103C&REV_30\3&11583659&2&B8,
Location Paths,PCIROOT(0)#PCI(1700),
,,
Intel Ice Lake-U/Y PCH-LP - PCI Express Root Port #9,,
,,
Device Name:,Intel Ice Lake-U/Y PCH-LP - PCI Express Root Port #9,
Original Device Name:,Intel Ice Lake-U/Y PCH-LP - PCI Express Root Port #9,
Device Class:,PCI-to-PCI Bridge,
Revision ID:,30,
PCI Address (Bus:Device:Function) Number:,00:29:00,
PCI Latency Timer:,0,
Hardware ID:,PCI\VEN_8086&DEV_34B0&SUBSYS_00000060&REV_30,
Version:,3,
Maximum Link Width:,1x,
Current Link Width:,Not negotiated,
Maximum Link Speed:,8.0 GT/s,
Current Link Speed:,2.5 GT/s,
Device/Port Type:,Root Port of PCI Express Root Complex,
Slot Implemented:,Yes,
Hot-Plug:,Capable,
Hot-Plug Surprise:,Capable,
Emergency Power Reduction:,Not Supported,
Active State Power Management (ASPM) Support:,L0s and L1,
Active State Power Management (ASPM) Status:,L0s and L1 Entry,
L0s Exit Latency:,512 ns - 1 us,
L1 Exit Latency:,2 - 4 us,
Maximum Payload Size Supported:,256 bytes,
Maximum Payload Size:,128 bytes,
Interrupt Line:,N/A,
Interrupt Pin:,N/A,
Bus Mastering:,Enabled,
Running At 66 MHz:,Not Capable,
Fast Back-to-Back Transactions:,Not Capable,
Driver Manufacturer:,INTEL,
Driver Description:,Intel(R) PCI Express Root Port #9 - 34B0,
Driver Provider:,INTEL,
Driver Version:,10.1.12.2,
DeviceInstanceId,PCI\VEN_8086&DEV_34B0&SUBSYS_86AB103C&REV_30\3&11583659&2&E8,
Location Paths,PCIROOT(0)#PCI(1D00),
,,
PCI Express x1 Bus #1,,
,,
,,
Intel Ice Lake-U/Y PCH-LP - PCI Express Root Port #10,,
,,
Device Name:,Intel Ice Lake-U/Y PCH-LP - PCI Express Root Port #10,
Original Device Name:,Intel Ice Lake-U/Y PCH-LP - PCI Express Root Port #10,
Device Class:,PCI-to-PCI Bridge,
Revision ID:,30,
PCI Address (Bus:Device:Function) Number:,00:29:01,
PCI Latency Timer:,0,
Hardware ID:,PCI\VEN_8086&DEV_34B1&SUBSYS_00000060&REV_30,
Version:,3,
Maximum Link Width:,1x,
Current Link Width:,1x,
Maximum Link Speed:,8.0 GT/s,
Current Link Speed:,2.5 GT/s,
Device/Port Type:,Root Port of PCI Express Root Complex,
Slot Implemented:,Yes,
Hot-Plug:,Not Capable,
Hot-Plug Surprise:,Not Capable,
Slot Power Limit:,10.000 W,
Emergency Power Reduction:,Not Supported,
Active State Power Management (ASPM) Support:,L1,
Active State Power Management (ASPM) Status:,L1 Entry,
L0s Exit Latency:,512 ns - 1 us,
L1 Exit Latency:,8 - 16 us,
Maximum Payload Size Supported:,256 bytes,
Maximum Payload Size:,128 bytes,
Interrupt Line:,N/A,
Interrupt Pin:,INTB#,
Bus Mastering:,Enabled,
Running At 66 MHz:,Not Capable,
Fast Back-to-Back Transactions:,Not Capable,
Driver Manufacturer:,INTEL,
Driver Description:,Intel(R) PCI Express Root Port #10 - 34B1,
Driver Provider:,INTEL,
Driver Version:,10.1.12.2,
DeviceInstanceId,PCI\VEN_8086&DEV_34B1&SUBSYS_86AB103C&REV_30\3&11583659&2&E9,
Location Paths,PCIROOT(0)#PCI(1D01),
,,
PCI Express x1 Bus #6,,
,,
,,
RealTek Semiconductor RTL8168/8111 PCI-E Gigabit Ethernet NIC,,
,,
Device Name:,RealTek Semiconductor RTL8168/8111 PCI-E Gigabit Ethernet NIC,
Original Device Name:,RealTek Semiconductor RTL8168/8111 PCI-E Gigabit Ethernet NIC,
Device Class:,Ethernet Adapter,
Revision ID:,15,
PCI Address (Bus:Device:Function) Number:,06:00:00,
PCI Latency Timer:,0,
Hardware ID:,PCI\VEN_10EC&DEV_8168&SUBSYS_86AB103C&REV_15,
Version:,1.1,
Maximum Link Width:,1x,
Current Link Width:,1x,
Maximum Link Speed:,2.5 GT/s,
Current Link Speed:,2.5 GT/s,
Device/Port Type:,PCI Express Endpoint,
Slot Implemented:,No,
Emergency Power Reduction:,Not Supported,
Active State Power Management (ASPM) Support:,L0s and L1,
Active State Power Management (ASPM) Status:,L1 Entry,
L0s Exit Latency:,>4 us,
L1 Exit Latency:,32 - 64 us,
Maximum Payload Size Supported:,128 bytes,
Maximum Payload Size:,128 bytes,
Interrupt Line:,N/A,
Interrupt Pin:,INTA#,
I/O Base Address 0,5000,
Memory Base Address 2,53004000,
Memory Base Address 4,53000000,
Bus Mastering:,Enabled,
Running At 66 MHz:,Not Capable,
Fast Back-to-Back Transactions:,Not Capable,
Driver Manufacturer:,Realtek,
Driver Description:,Realtek PCIe GbE Family Controller,
Driver Provider:,Realtek,
Driver Version:,10.35.510.2019,
Driver Date:,10-May-19,
DeviceInstanceId,PCI\VEN_10EC&DEV_8168&SUBSYS_86AB103C&REV_15\4&5CD8994&0&00E9,
Location Paths,PCIROOT(0)#PCI(1D01)#PCI(0000),
,,
Intel Ice Lake-U/Y PCH-LP - PCI Express Root Port #13,,
,,
Device Name:,Intel Ice Lake-U/Y PCH-LP - PCI Express Root Port #13,
Original Device Name:,Intel Ice Lake-U/Y PCH-LP - PCI Express Root Port #13,
Device Class:,PCI-to-PCI Bridge,
Revision ID:,30,
PCI Address (Bus:Device:Function) Number:,00:29:04,
PCI Latency Timer:,0,
Hardware ID:,PCI\VEN_8086&DEV_34B4&SUBSYS_00000060&REV_30,
Version:,3,
Maximum Link Width:,2x,
Current Link Width:,2x,
Maximum Link Speed:,8.0 GT/s,
Current Link Speed:,8.0 GT/s,
Device/Port Type:,Root Port of PCI Express Root Complex,
Slot Implemented:,Yes,
Hot-Plug:,Not Capable,
Hot-Plug Surprise:,Not Capable,
Slot Power Limit:,25.000 W,
Emergency Power Reduction:,Not Supported,
Active State Power Management (ASPM) Support:,L1,
Active State Power Management (ASPM) Status:,L1 Entry,
L0s Exit Latency:,512 ns - 1 us,
L1 Exit Latency:,8 - 16 us,
Maximum Payload Size Supported:,256 bytes,
Maximum Payload Size:,128 bytes,
Interrupt Line:,N/A,
Interrupt Pin:,INTA#,
Bus Mastering:,Enabled,
Running At 66 MHz:,Not Capable,
Fast Back-to-Back Transactions:,Not Capable,
Driver Manufacturer:,INTEL,
Driver Description:,Intel(R) PCI Express Root Port #13 - 34B4,
Driver Provider:,INTEL,
Driver Version:,10.1.12.2,
DeviceInstanceId,PCI\VEN_8086&DEV_34B4&SUBSYS_86AB103C&REV_30\3&11583659&2&EC,
Location Paths,PCIROOT(0)#PCI(1D04),
,,
PCI Express x2 Bus #11,,
,,
,,
Intel NVM DIMM Controller,,
,,
Device Name:,Intel NVM DIMM Controller,
Original Device Name:,Intel NVM DIMM Controller,
Device Class:,NVMe Controller,
Revision ID:,3,
PCI Address (Bus:Device:Function) Number:,11:00:00,
PCI Latency Timer:,0,
Hardware ID:,PCI\VEN_8086&DEV_0975&SUBSYS_84108086&REV_03,
Version:,3,
Maximum Link Width:,2x,
Current Link Width:,2x,
Maximum Link Speed:,8.0 GT/s,
Current Link Speed:,8.0 GT/s,
Device/Port Type:,PCI Express Endpoint,
Slot Implemented:,No,
Emergency Power Reduction:,Not Supported,
Active State Power Management (ASPM) Support:,L1,
Active State Power Management (ASPM) Status:,L1 Entry,
L0s Exit Latency:,512 ns - 1 us,
L1 Exit Latency:,4 - 8 us,
Maximum Payload Size Supported:,128 bytes,
Maximum Payload Size:,128 bytes,
Interrupt Line:,N/A,
Interrupt Pin:,INTA#,
Memory Base Address 0,52000000,
Bus Mastering:,Enabled,
Running At 66 MHz:,Not Capable,
Fast Back-to-Back Transactions:,Not Capable,
Driver Manufacturer:,Intel Corporation,
Driver Description:,Intel(R) NVMe Controller,
Driver Provider:,Intel Corporation,
Driver Version:,17.5.2.1024,
Driver Date:,08-Jul-19,
DeviceInstanceId,PCI\VEN_8086&DEV_0975&SUBSYS_84108086&REV_03\4&12F27F73&0&00EC,
Location Paths,PCIROOT(0)#PCI(1D04)#PCI(0000),
,,
Intel Ice Lake-U/Y PCH-LP - PCI Express Root Port #15,,
,,
Device Name:,Intel Ice Lake-U/Y PCH-LP - PCI Express Root Port #15,
Original Device Name:,Intel Ice Lake-U/Y PCH-LP - PCI Express Root Port #15,
Device Class:,PCI-to-PCI Bridge,
Revision ID:,30,
PCI Address (Bus:Device:Function) Number:,00:29:06,
PCI Latency Timer:,0,
Hardware ID:,PCI\VEN_8086&DEV_34B6&SUBSYS_00000060&REV_30,
Version:,3,
Maximum Link Width:,2x,
Current Link Width:,2x,
Maximum Link Speed:,8.0 GT/s,
Current Link Speed:,8.0 GT/s,
Device/Port Type:,Root Port of PCI Express Root Complex,
Slot Implemented:,Yes,
Hot-Plug:,Not Capable,
Hot-Plug Surprise:,Not Capable,
Slot Power Limit:,25.000 W,
Emergency Power Reduction:,Not Supported,
Active State Power Management (ASPM) Support:,L0s and L1,
Active State Power Management (ASPM) Status:,L1 Entry,
L0s Exit Latency:,512 ns - 1 us,
L1 Exit Latency:,8 - 16 us,
Maximum Payload Size Supported:,256 bytes,
Maximum Payload Size:,256 bytes,
Interrupt Line:,N/A,
Interrupt Pin:,INTC#,
Bus Mastering:,Enabled,
Running At 66 MHz:,Not Capable,
Fast Back-to-Back Transactions:,Not Capable,
Driver Manufacturer:,INTEL,
Driver Description:,Intel(R) PCI Express Root Port #15 - 34B6,
Driver Provider:,INTEL,
Driver Version:,10.1.12.2,
DeviceInstanceId,PCI\VEN_8086&DEV_34B6&SUBSYS_86AB103C&REV_30\3&11583659&2&EE,
Location Paths,PCIROOT(0)#PCI(1D06),
,,
PCI Express x2 Bus #16,,
,,
,,
Intel NVM DIMM Controller,,
,,
Device Name:,Intel NVM DIMM Controller,
Original Device Name:,Intel NVM DIMM Controller,
Device Class:,NVMe Controller,
Revision ID:,0,
PCI Address (Bus:Device:Function) Number:,16:00:00,
PCI Latency Timer:,0,
Hardware ID:,PCI\VEN_8086&DEV_0975&SUBSYS_85108086&REV_00,
Version:,3,
Maximum Link Width:,2x,
Current Link Width:,2x,
Maximum Link Speed:,8.0 GT/s,
Current Link Speed:,8.0 GT/s,
Device/Port Type:,PCI Express Endpoint,
Slot Implemented:,No,
Emergency Power Reduction:,Not Supported,
Active State Power Management (ASPM) Support:,L1,
Active State Power Management (ASPM) Status:,L1 Entry,
L0s Exit Latency:,>4 us,
L1 Exit Latency:,>64 us,
Maximum Payload Size Supported:,256 bytes,
Maximum Payload Size:,256 bytes,
Interrupt Line:,N/A,
Interrupt Pin:,INTA#,
Memory Base Address 0,51010000,
Memory Base Address 4,51000000,
Bus Mastering:,Enabled,
Running At 66 MHz:,Not Capable,
Fast Back-to-Back Transactions:,Not Capable,
Driver Manufacturer:,Intel Corporation,
Driver Description:,Intel(R) NVMe Controller,
Driver Provider:,Intel Corporation,
Driver Version:,17.5.2.1024,
Driver Date:,08-Jul-19,
DeviceInstanceId,PCI\VEN_8086&DEV_0975&SUBSYS_85108086&REV_00\4&35439078&0&00EE,
Location Paths,PCIROOT(0)#PCI(1D06)#PCI(0000),
,,
Intel Ice Lake-U/Y PCH-LP - UART #0 [D0],,
,,
Device Name:,Intel Ice Lake-U/Y PCH-LP - UART #0 [D0],
Original Device Name:,Intel Ice Lake-U/Y PCH-LP - UART #0 [D0],
Device Class:,Other Communication Device,
Revision ID:,30 [D0],
PCI Address (Bus:Device:Function) Number:,00:30:00,
PCI Latency Timer:,0,
Hardware ID:,PCI\VEN_8086&DEV_34A8&SUBSYS_86AB103C&REV_30,
Interrupt Line:,IRQ20,
Interrupt Pin:,INTA#,
Memory Base Address 0,0,
Bus Mastering:,Disabled,
Running At 66 MHz:,Not Capable,
Fast Back-to-Back Transactions:,Not Capable,
Driver Manufacturer:,Intel Corporation,
Driver Description:,Intel(R) Serial IO UART Host Controller - 34A8,
Driver Provider:,Intel Corporation,
Driver Version:,30.100.1916.1,
Driver Date:,15-Apr-19,
DeviceInstanceId,PCI\VEN_8086&DEV_34A8&SUBSYS_86AB103C&REV_30\3&11583659&2&F0,
Location Paths,PCIROOT(0)#PCI(1E00),
,,
Intel Ice Lake-U/Y PCH-LP - GSPI #0 [D0],,
,,
Device Name:,Intel Ice Lake-U/Y PCH-LP - GSPI #0 [D0],
Original Device Name:,Intel Ice Lake-U/Y PCH-LP - GSPI #0 [D0],
Device Class:,Other Serial Bus Controller,
Revision ID:,30 [D0],
PCI Address (Bus:Device:Function) Number:,00:30:02,
PCI Latency Timer:,0,
Hardware ID:,PCI\VEN_8086&DEV_34AA&SUBSYS_86AB103C&REV_30,
Interrupt Line:,IRQ22,
Interrupt Pin:,INTC#,
Memory Base Address 0,0,
Bus Mastering:,Disabled,
Running At 66 MHz:,Not Capable,
Fast Back-to-Back Transactions:,Not Capable,
Driver Manufacturer:,Intel Corporation,
Driver Description:,Intel(R) Serial IO SPI Host Controller - 34AA,
Driver Provider:,Intel Corporation,
Driver Version:,30.100.1916.1,
Driver Date:,15-Apr-19,
DeviceInstanceId,PCI\VEN_8086&DEV_34AA&SUBSYS_86AB103C&REV_30\3&11583659&2&F2,
Location Paths,PCIROOT(0)#PCI(1E02),
,,
Intel Ice Lake-U PCH-LP Premium - eSPI Controller [D0],,
,,
Device Name:,Intel Ice Lake-U PCH-LP Premium - eSPI Controller [D0],
Original Device Name:,Intel Ice Lake-U PCH-LP Premium - eSPI Controller [D0],
Device Class:,PCI-to-ISA Bridge,
Revision ID:,30 [D0],
PCI Address (Bus:Device:Function) Number:,00:31:00,
PCI Latency Timer:,0,
Hardware ID:,PCI\VEN_8086&DEV_3482&SUBSYS_86AB103C&REV_30,
Interrupt Line:,N/A,
Interrupt Pin:,N/A,
Bus Mastering:,Enabled,
Running At 66 MHz:,Not Capable,
Fast Back-to-Back Transactions:,Not Capable,
Driver Manufacturer:,INTEL,
Driver Description:,I/O LPC Controller (U Premium) - 3482 for Intel(R) 495 Series Chipset Family On-Package Platform Controller Hub,
Driver Provider:,INTEL,
Driver Version:,10.1.12.2,
DeviceInstanceId,PCI\VEN_8086&DEV_3482&SUBSYS_86AB103C&REV_30\3&11583659&2&F8,
Location Paths,PCIROOT(0)#PCI(1F00),
,,
Intel Ice Lake-U/Y PCH-LP - cAVS (Audio, Voice, Speech) [D0]
,,
Device Name:,"Intel Ice Lake-U/Y PCH-LP - cAVS (Audio, Voice, Speech) [D0]",
Original Device Name:,"Intel Ice Lake-U/Y PCH-LP - cAVS (Audio, Voice, Speech) [D0]",
Device Class:,High Definition Audio,
Revision ID:,30 [D0],
PCI Address (Bus:Device:Function) Number:,00:31:03,
PCI Latency Timer:,32,
Hardware ID:,PCI\VEN_8086&DEV_34C8&SUBSYS_86AB103C&REV_30,
Interrupt Line:,N/A,
Interrupt Pin:,INTA#,
Memory Base Address 0,7FFFEFC000,
Memory Base Address 4,7FFFF00000,
Bus Mastering:,Enabled,
Running At 66 MHz:,Not Capable,
Fast Back-to-Back Transactions:,Not Capable,
Driver Manufacturer:,Intel(R) Corporation,
Driver Description:,Intel(R) Smart Sound Technology (Intel(R) SST) Audio Controller,
Driver Provider:,Intel(R) Corporation,
Driver Version:,10.24.0.2810,
Driver Date:,19-Jul-19,
DeviceInstanceId,PCI\VEN_8086&DEV_34C8&SUBSYS_86AB103C&REV_30\3&11583659&2&FB,
Location Paths,PCIROOT(0)#PCI(1F03),
,,
Intel Ice Lake-U/Y PCH-LP - SMBus Host Controller [D0],,
,,
Device Name:,Intel Ice Lake-U/Y PCH-LP - SMBus Host Controller [D0],
Original Device Name:,Intel Ice Lake-U/Y PCH-LP - SMBus Host Controller [D0],
Device Class:,SMBus (System Management Bus),
Revision ID:,30 [D0],
PCI Address (Bus:Device:Function) Number:,00:31:04,
PCI Latency Timer:,0,
Hardware ID:,PCI\VEN_8086&DEV_34A3&SUBSYS_86AB103C&REV_30,
Interrupt Line:,IRQ16,
Interrupt Pin:,INTA#,
Memory Base Address 0,600511A000,
I/O Base Address 4,7040,
Bus Mastering:,Disabled,
Running At 66 MHz:,Not Capable,
Fast Back-to-Back Transactions:,Capable,
Driver Manufacturer:,ELAN SMBus,
Driver Description:,ELAN SMBus Driver,
Driver Provider:,ELAN SMBus,
Driver Version:,15.1.2.18,
Driver Date:,27-May-19,
DeviceInstanceId,PCI\VEN_8086&DEV_34A3&SUBSYS_86AB103C&REV_30\3&11583659&2&FC,
Location Paths,PCIROOT(0)#PCI(1F04),
,,
Intel Ice Lake-U/Y PCH-LP - SPI (flash) Controller [D0],,
,,
Device Name:,Intel Ice Lake-U/Y PCH-LP - SPI (flash) Controller [D0],
Original Device Name:,Intel Ice Lake-U/Y PCH-LP - SPI (flash) Controller [D0],
Device Class:,Other Serial Bus Controller,
Revision ID:,30 [D0],
PCI Address (Bus:Device:Function) Number:,00:31:05,
PCI Latency Timer:,0,
Hardware ID:,PCI\VEN_8086&DEV_34A4&SUBSYS_86AB103C&REV_30,
Interrupt Line:,N/A,
Interrupt Pin:,N/A,
Memory Base Address 0,FE010000,
Bus Mastering:,Enabled,
Running At 66 MHz:,Not Capable,
Fast Back-to-Back Transactions:,Not Capable,
Driver Manufacturer:,INTEL,
Driver Description:,Intel(R) SPI (flash) Controller - 34A4,
Driver Provider:,INTEL,
Driver Version:,10.1.12.2,
DeviceInstanceId,PCI\VEN_8086&DEV_34A4&SUBSYS_86AB103C&REV_30\3&11583659&2&FD,
Location Paths,PCIROOT(0)#PCI(1F05),
,,
Video Adapter,,
,,
,,
Intel UHD Graphics 920,,
,,
Video Chipset:,Intel UHD Graphics 920,
Video Chipset Codename:,Ice Lake-U GT2 32EU,
Video Memory:,1024 MBytes,
Video Card:,Intel Ice Lake-U GT2 32EU LM - Integrated Graphics Controller [Hewlett-Packard],
Video Bus:,Integrated,
Video RAMDAC:,Internal,
Video BIOS Version:,Unknown,
Memory Clock:,665.0 MHz,
Hardware ID:,PCI\VEN_8086&DEV_8A56&SUBSYS_86AB103C&REV_07,
PCI Location (Bus:Dev:Fnc):,00:02:00,
Driver Manufacturer:,Intel Corporation,
Driver Description:,Intel(R) UHD Graphics,
Driver Provider:,Intel Corporation,
Driver Version:,25.20.100.7007,
Driver Date:,05-Jul-19,
DCH/UWD Driver:,Capable,
DeviceInstanceId,PCI\VEN_8086&DEV_8A56&SUBSYS_86AB103C&REV_07\3&11583659&2&10,
Location Paths,PCIROOT(0)#PCI(0200),
,,
Monitor,,
,,
,,
AU Optronics B156HW02,,
,,
Monitor Name:,AU Optronics B156HW02,
Serial Number:,Unknown,
Date Of Manufacture:,"Week: 0, Year: 2019",
Monitor Hardware ID:,Monitor\AUO21ED,
Max. Vertical Size:,19 cm,
Max. Horizontal Size:,34 cm,
Input Signal:,Digital,
Color Bit Depth:,6 Bits per Primary Color,
Digital Video Interface Standard Supported:,DisplayPort,
Gamma Factor:,2.2,
Standby:,Not Supported,
Suspend:,Not Supported,
Active Off:,Not Supported,
Standard Colour Space (sRGB) Default:,Not Supported,
Preferred Timing Mode:,Supported,
Default GTF (Continuous Frequency):,Supported,
DFP 1.x Compatible:,Yes,
1920 x 1080,"344 x 194 mm, Pixel Clock 141.00 MHz",
1920 x 1080,"344 x 194 mm, Pixel Clock 94.00 MHz",
,,
Drives,,
,,
,,
(S)ATA/ATAPI Drives,,
,,
,,
INTEL HBRPEKNX0101AHO,,
,,
Host Controller:,Intel HM170/QM170 PCH - SATA RAID (RST) Controller [D0],
Drive Model:,INTEL HBRPEKNX0101AHO,
Drive Serial Number:,BTTE92040K3H256D-2,
Drive Firmware Revision:,HPS2,
NVMe Version Supported:,v1.0/1.1,
Drive Capacity:,"13,736 MBytes (14 GB)",
Drive Capacity [MB]:,13736,
Volatile Write Cache:,Not Present,
Compare Command:,Not Supported,
Write Uncorrectable Command:,Supported,
Dataset Management:,Supported,
Write Zeroes:,Not Supported,
Save field set to a non-zero value:,Not Supported,
Reservations:,Not Supported,
Timestamp:,Supported,
Autonomous Power State Transitions:,Supported,
Available Space Below Threshold:,OK,
Temperature Exceeded Critical Threshold:,OK,
Device Reliablity Degraded:,OK,
Media In Read Only Mode:,OK,
Volatile Memory Backup Device Failed:,OK,
Drive Temperature:,28 °C,
Spare Capacity Available:,100%,
Device Health:,100%,
Power Cycles:,45,
Power On Hours:,38 hours,
Unsafe Shutdowns:,5,
Media Errors:,0,
Total Host Reads:,24 GBytes,
Total Host Writes:,28 GBytes,
,,
INTEL HBRPEKNX0101AH,,
,,
Host Controller:,Intel HM170/QM170 PCH - SATA RAID (RST) Controller [D0],
Drive Model:,INTEL HBRPEKNX0101AH,
Drive Serial Number:,BTTE92040K3H256D-1,
Drive Firmware Revision:,HPS1,
NVMe Version Supported:,v1.3,
Drive Capacity:,"244,198 MBytes (256 GB)",
Drive Capacity [MB]:,244198,
Volatile Write Cache:,Present,
Compare Command:,Supported,
Write Uncorrectable Command:,Supported,
Dataset Management:,Supported,
Write Zeroes:,Supported,
Save field set to a non-zero value:,Supported,
Reservations:,Not Supported,
Timestamp:,Supported,
Autonomous Power State Transitions:,Supported,
Available Space Below Threshold:,OK,
Temperature Exceeded Critical Threshold:,OK,
Device Reliablity Degraded:,OK,
Media In Read Only Mode:,OK,
Volatile Memory Backup Device Failed:,OK,
Drive Temperature:,27 °C,
Warning Temperature Threshold:,77 °C,
Critical Temperature Threshold:,80 °C,
Time Above Warning Temperature Threshold:,0 minutes,
Time Above Critical Temperature Threshold:,0 minutes,
Spare Capacity Available:,100%,
Device Health:,100%,
Power Cycles:,42,
Power On Hours:,72 hours,
Unsafe Shutdowns:,3,
Media Errors:,0,
Total Host Reads:,108 GBytes,
Total Host Writes:,132 GBytes,
,,
Intel Optane+238GBSSD,,
,,
Drive Model:,Intel Optane+238GBSSD,
Drive Firmware Revision:,17.5,
Device Type:,Disk drive,
Drive Capacity:,"244,196 MBytes (256 GB)",
Drive Capacity [MB]:,244196,
,,
Audio,,
,,
,,
Intel Ice Lake-U/Y PCH-LP - cAVS (Audio, Voice, Speech) [D0]
,,
Audio Adapter:,"Intel Ice Lake-U/Y PCH-LP - cAVS (Audio, Voice, Speech) [D0]",
Audio Controller Hardware ID:,PCI\VEN_8086&DEV_34C8&SUBSYS_86AB103C&REV_30,
High Definition Audio Codec:,RealTek,
Audio Codec Hardware ID:,HDAUDIO\FUNC_01&VEN_10EC&DEV_0295&SUBSYS_00000000,
,,
Network,,
,,
,,
Intel Ice Lake-U/Y PCH-LP - Wi-Fi [D0],,
,,
Network Card:,Intel Ice Lake-U/Y PCH-LP - Wi-Fi [D0],
Vendor Description:,Microsoft,
MAC Address:,38-00-25-FF-B7-70,
Maximum Link Speed:,1 Mbps,
Transmit Buffer Size:,9 Bytes,
Receive Buffer Size:,9 Bytes,
Hardware ID:,PCI\VEN_8086&DEV_34F0&SUBSYS_02648086&REV_30,
Driver Manufacturer:,Intel Corporation,
Driver Description:,Intel(R) Wireless-AC 9461,
Driver Provider:,Intel,
Driver Version:,21.30.3.2,
Driver Date:,07-Jul-19,
DeviceInstanceId,PCI\VEN_8086&DEV_34F0&SUBSYS_02648086&REV_30\3&11583659&2&A3,
Location Paths,PCIROOT(0)#PCI(1403),
,,
RealTek Semiconductor RTL8168/8111 PCI-E Gigabit Ethernet NIC,,
,,
Network Card:,RealTek Semiconductor RTL8168/8111 PCI-E Gigabit Ethernet NIC,
Vendor Description:,Realtek PCIe GbE Family Controller,
MAC Address:,F8-B4-6A-A9-41-3E,
Maximum Link Speed:,1000 Mbps,
Transmit Buffer Size:,193792 Bytes,
Receive Buffer Size:,775168 Bytes,
Hardware ID:,PCI\VEN_10EC&DEV_8168&SUBSYS_86AB103C&REV_15,
Driver Manufacturer:,Realtek,
Driver Description:,Realtek PCIe GbE Family Controller,
Driver Provider:,Realtek,
Driver Version:,10.35.510.2019,
Driver Date:,10-May-19,
DeviceInstanceId,PCI\VEN_10EC&DEV_8168&SUBSYS_86AB103C&REV_15\4&5CD8994&0&00E9,
Location Paths,PCIROOT(0)#PCI(1D01)#PCI(0000),
,,
Ports,,
,,
,,
Serial Ports,,
,,
,,
USB,,
,,
,,
Intel(R) USB 3.10 eXtensible Host Controller - 1.10 (Microsoft),,
,,
,,
Root Hub,,
,,
,,
[Port1] : No Device Connected,,
,,
,,
[Port2] : No Device Connected,,
,,
,,
[Port3] : USB Composite Device,,
,,
Device Manufacturer:,Chicony,
Product Name:,-,
Serial Number:,-,
USB Version Supported:,2.01,
USB Device Speed:,USB 2.0 High-speed,
Driver Description:,USB Composite Device,
Hardware ID:,USB\VID_04F2&PID_B634,
Driver Manufacturer:,(Standard USB Host Controller),
Driver Description:,USB Composite Device,
Driver Provider:,Microsoft,
Driver Version:,10.0.18362.1,
Driver Date:,21-Jun-06,
DeviceInstanceId,USB\VID_04F2&PID_B634\1,
Location Paths,PCIROOT(0)#PCI(1400)#USBROOT(0)#USB(3),
,,
[Port4] : No Device Connected,,
,,
,,
[Port5] : No Device Connected,,
,,
,,
[Port6] : No Device Connected,,
,,
,,
[Port7] : No Device Connected,,
,,
,,
[Port8] : USB Input Device,,
,,
Device Manufacturer:,D-WAV Scientific,
Product Name:,-,
Serial Number:,-,
USB Version Supported:,2,
USB Device Speed:,USB 1.1 Full-speed,
Driver Description:,USB Input Device,
Hardware ID:,USB\VID_0EEF&PID_C0AE,
Driver Manufacturer:,(Standard system devices),
Driver Description:,USB Input Device,
Driver Provider:,Microsoft,
Driver Version:,10.0.18362.175,
Driver Date:,21-Jun-06,
DeviceInstanceId,USB\VID_0EEF&PID_C0AE\5&2A3BC1ED&0&8,
Location Paths,PCIROOT(0)#PCI(1400)#USBROOT(0)#USB(8),
,,
[Port9] : No Device Connected,,
,,
,,
[Port10] : Intel(R) Wireless Bluetooth(R),,
,,
Device Manufacturer:,Intel,
Product Name:,-,
Serial Number:,-,
USB Version Supported:,2,
USB Device Speed:,USB 1.1 Full-speed,
Driver Description:,Intel(R) Wireless Bluetooth(R),
Hardware ID:,USB\VID_8087&PID_0AAA,
Driver Manufacturer:,Intel Corporation,
Driver Description:,Intel(R) Wireless Bluetooth(R),
Driver Provider:,Intel Corporation,
Driver Version:,21.20.0.4,
Driver Date:,23-May-19,
DeviceInstanceId,USB\VID_8087&PID_0AAA\5&2A3BC1ED&0&10,
Location Paths,PCIROOT(0)#PCI(1400)#USBROOT(0)#USB(10),
,,
[Port11] : No Device Connected,,
,,
,,
[Port12] : No Device Connected,,
,,
,,
[Port13] : USB Mass Storage Device,,
,,
Device Manufacturer:,SanDisk,
Product Name:,Ultra USB 3.0,
Serial Number:,4C530000320215119401,
USB Version Supported:,3,
USB Device Speed:,USB 3.0 SuperSpeed,
Driver Description:,USB Mass Storage Device,
Hardware ID:,USB\VID_0781&PID_5595,
Driver Manufacturer:,Compatible USB storage device,
Driver Description:,USB Mass Storage Device,
Driver Provider:,Microsoft,
Driver Version:,10.0.18362.1,
Driver Date:,21-Jun-06,
DeviceInstanceId,USB\VID_0781&PID_5595\4C530000320215119401,
Location Paths,PCIROOT(0)#PCI(1400)#USBROOT(0)#USB(13),
,,
[Port14] : No Device Connected,,
,,
,,
[Port15] : No Device Connected,,
,,
,,
[Port16] : No Device Connected,,
,,
,,
[Port17] : No Device Connected,,
,,
,,
[Port18] : No Device Connected,,
,,
,,
Smart Battery,,
,,
,,
Battery #0,,
,,
Device Name:,Primary,
Manufacturer Name:,HP,
Serial Number:, ,
Unique ID:, HPPrimary,
Chemistry:,Lithium Ion,
Designed Capacity:,39547 mWh,
Full Charged Capacity:,39547 mWh,
Wear Level:,0.00%,
Power Status:,Discharging ,
Current Capacity:,34003 mWh (86.0 %),
Current Voltage:,12.078 V,
